COMPANY ;PHONE;TRLR;AGE;MODE;PICKUP;ORIGIN CITY;STATE;DIST;DESTINATION CITY;STATE;DISTANCE ;RATE;LENGTH;WEIGHT;D2P;EXP;FUEL;MILES
TOTAL QU;800-580-3101;VR;9:00+;TL;Jun-30;FORT WORTH;TX;239;CONROE;TX;39;\N;53;\N;19;A;89;223
TOTAL QU;800-580-3101;VR;9:00+;TL;Jun-30;FORT WORTH;TX;239;CONROE;TX;39;\N;53;5000;19;A;89;223
TOTAL QU;800-580-3101;VR;9:00+;TL;Jun-30;FORT WORTH;TX;239;HOUSTON;TX;0;\N;48;26000;19;A;102;261
TOTAL QU;800-580-3101;VR;9:00+;TL;Jun-30;FORT WORTH;TX;239;HOUSTON;TX;0;\N;48;42000;19;A;102;261
TOTAL QU;800-580-3101;VR;9:00+;TL;Jun-30;FORT WORTH;TX;239;HOUSTON;TX;0;\N;48;42000;19;A;102;261
TOTAL QU;800-580-3101;VR;9:00+;TL;Jun-30;FORT WORTH;TX;239;HOUSTON;TX;0;\N;48;44000;19;A;102;261
TOTAL QU;800-580-3101;VR;9:00+;TL;Jun-30;FORT WORTH;TX;239;PASADENA;TX;13;\N;48;26000;19;A;108;274
TOTAL QU;800-580-3101;VR;9:00+;TL;Jun-30;FORT WORTH;TX;239;PASADENA;TX;13;\N;48;26000;19;A;108;274
TOTAL QU;800-580-3101;VR;9:00+;TL;Jun-30;FORT WORTH;TX;239;PASADENA;TX;13;\N;48;44000;19;A;108;274
TOTAL QU;800-580-3101;VR;9:00+;TL;Jun-30;FORT WORTH;TX;239;PASADENA;TX;13;\N;48;44000;19;A;108;274
TOTAL QU;800-580-3101;VR;9:00+;TL;Jun-30;FORT WORTH;TX;239;PASADENA;TX;13;\N;48;44000;19;A;108;274
TOTAL QU;800-580-3101;VR;9:00+;TL;Jun-30;FORT WORTH;TX;239;PASADENA;TX;13;\N;48;44000;19;A;108;274
TOTAL QU;800-580-3101;VR;9:00+;TL;Jun-30;FORT WORTH;TX;239;PASADENA;TX;13;\N;48;44000;19;A;108;274
TOTAL QU;800-580-3101;VR;9:00+;TL;Jun-30;FORT WORTH;TX;239;PASADENA;TX;13;\N;48;44000;19;A;108;274
TOTAL QU;800-580-3101;VR;9:00+;TL;Jun-30;FORT WORTH;TX;239;PASADENA;TX;13;\N;48;44000;19;A;108;274
TOTAL QU;800-580-3101;VR;9:00+;TL;Jun-30;FORT WORTH;TX;239;PASADENA;TX;13;\N;48;44000;19;A;108;274
TOTAL QU;800-580-3101;VR;9:00+;TL;Jun-30;FORT WORTH;TX;239;PASADENA;TX;13;\N;48;44000;19;A;108;274
TOTAL QU;800-580-3101;VR;9:00+;TL;Jun-30;GRAPEVINE;TX;255;HOUSTON;TX;0;\N;48;30000;19;A;101;260
TOTAL QU;800-580-3101;VR;9:00+;TL;Jun-30;GRAPEVINE;TX;255;HOUSTON;TX;0;\N;48;30000;19;A;101;260
TOTAL QU;800-580-3101;VR;9:00+;TL;Jun-30;GRAND PRAIRIE;TX;244;HOUSTON;TX;0;\N;53;18000;19;A;97;251
TOTAL QU;800-580-3101;VR;9:00+;TL;Jun-30;GRAND PRAIRIE;TX;244;HOUSTON;TX;0;\N;53;18000;19;A;97;251
TOTAL QU;800-580-3101;VR;9:00+;TL;Jun-30;GRAND PRAIRIE;TX;244;HOUSTON;TX;0;\N;53;18000;19;A;97;251
TOTAL QU;800-580-3101;VR;9:00+;TL;Jun-30;GRAND PRAIRIE;TX;244;HOUSTON;TX;0;\N;53;18000;19;A;97;251
TOTAL QU;800-580-3101;VR;9:00+;TL;Jun-30;GRAND PRAIRIE;TX;244;HOUSTON;TX;0;\N;53;18000;19;A;97;251
TOTAL QU;800-580-3101;VR;9:00+;TL;Jun-30;GRAND PRAIRIE;TX;244;HOUSTON;TX;0;\N;53;18000;19;A;97;251
TOTAL QU;800-580-3101;VR;9:00+;TL;Jun-30;GRAND PRAIRIE;TX;244;HOUSTON;TX;0;\N;53;18000;19;A;97;251
TOTAL QU;800-580-3101;VR;9:00+;TL;Jun-30;GRAND PRAIRIE;TX;244;HOUSTON;TX;0;\N;53;18000;19;A;97;251
TOTAL QU;800-580-3101;VR;9:00+;TL;Jun-30;GRAND PRAIRIE;TX;244;HOUSTON;TX;0;\N;53;18000;19;A;97;251
TOTAL QU;800-580-3101;VR;9:00+;TL;Jun-30;GRAND PRAIRIE;TX;244;HOUSTON;TX;0;\N;53;18000;19;A;97;251
TOTAL QU;800-580-3101;VR;9:00+;TL;Jun-30;FRISCO;TX;274;RICHMOND;TX;26;\N;53;42000;19;A;114;295
TOTAL QU;800-580-3101;VR;9:00+;TL;Jun-30;FRISCO;TX;274;RICHMOND;TX;26;\N;53;42000;19;A;114;295
TOTAL QU;800-580-3101;VR;9:00+;TL;Jun-30;GARLAND;TX;264;HUMBLE;TX;21;\N;53;5000;19;A;97;250
TOTAL QU;800-580-3101;VR;9:00+;TL;Jun-30;FT WORTH;TX;239;HOUSTON;TX;0;\N;48;39000;19;A;103;261
TOTAL QU;800-580-3101;VR;9:00+;TL;Jun-30;FT WORTH;TX;239;HOUSTON;TX;0;\N;48;39000;19;A;103;261
TOTAL QU;800-580-3101;VR;9:00+;TL;Jun-30;FT WORTH;TX;239;HOUSTON;TX;0;\N;48;39000;19;A;103;261
TOTAL QU;800-580-3101;VR;9:00+;TL;Jun-30;GARLAND;TX;264;ALVIN;TX;27;\N;53;40000;19;A;109;282
TOTAL QU;800-580-3101;VR;9:00+;TL;Jun-30;GARLAND;TX;264;ALVIN;TX;27;\N;53;40000;19;A;109;282
TOTAL QU;800-580-3101;VR;9:00+;TL;Jun-30;GARLAND;TX;264;ALVIN;TX;27;\N;53;40000;19;A;109;282
TOTAL QU;800-580-3101;VR;9:00+;TL;Jun-30;GARLAND;TX;264;ALVIN;TX;27;\N;53;40000;19;A;109;282
TOTAL QU;800-580-3101;VR;9:00+;TL;Jun-30;GARLAND;TX;264;ALVIN;TX;27;\N;53;40000;19;A;109;282
TOTAL QU;800-580-3101;VR;9:00+;TL;Jun-30;GARLAND;TX;264;ALVIN;TX;27;\N;53;40000;19;A;109;282
TOTAL QU;800-580-3101;VR;9:00+;TL;Jun-30;GARLAND;TX;264;ALVIN;TX;27;\N;53;40000;19;A;109;282
TOTAL QU;800-580-3101;VR;9:00+;TL;Jun-30;HIDALGO;TX;233;HOUSTON;TX;0;\N;48;\N;19;A;149;371
TOTAL QU;800-580-3101;V;9:00+;TL;Jun-30;GUADALUPE;TX;107;HOUSTON;TX;0;\N;53;\N;19;A;53;131
TOTAL QU;800-580-3101;VR;9:00+;TL;Jun-30;HALTOM CITY;TX;242;TOMBALL;TX;30;\N;48;42000;19;A;98;249
TOTAL QU;800-580-3101;VR;9:00+;TL;Jun-30;HOUSTON;TX;188;BAYTOWN;TX;29;\N;53;43000;19;A;10;25
TOTAL QU;800-580-3101;VR;9:00+;TL;Jun-30;HOUSTON;TX;188;BAYTOWN;TX;29;\N;53;43000;19;A;10;25
TOTAL QU;800-580-3101;VR;9:00+;TL;Jun-30;HOUSTON;TX;188;BAYTOWN;TX;29;\N;53;43000;19;A;10;25
TOTAL QU;800-580-3101;VR;9:00+;TL;Jun-30;HOUSTON;TX;188;BAYTOWN;TX;29;\N;53;43000;19;A;10;25
TOTAL QU;800-580-3101;VR;9:00+;TL;Jun-30;HOUSTON;TX;188;BAYTOWN;TX;29;\N;53;43000;19;A;10;25
TOTAL QU;800-580-3101;VR;9:00+;TL;Jun-30;HOUSTON;TX;188;BAYTOWN;TX;29;\N;53;43000;19;A;10;25
TOTAL QU;800-580-3101;VR;9:00+;TL;Jun-30;HOUSTON;TX;188;BAYTOWN;TX;29;\N;53;43000;19;A;10;25
TOTAL QU;800-580-3101;VR;9:00+;TL;Jun-30;HOUSTON;TX;188;BAYTOWN;TX;29;\N;53;43000;19;A;10;25
TOTAL QU;800-580-3101;V;9:00+;TL;Jun-30;HOUSTON;TX;188;HOUSTON;TX;0;\N;53;\N;19;A;0;0
TOTAL QU;800-580-3101;V;9:00+;TL;Jun-30;HOUSTON;TX;188;HOUSTON;TX;0;\N;53;\N;19;A;0;0
TOTAL QU;800-580-3101;V;9:00+;TL;Jun-30;HOUSTON;TX;188;HOUSTON;TX;0;\N;53;\N;19;A;0;0
TOTAL QU;800-580-3101;V;9:00+;TL;Jun-30;HOUSTON;TX;188;HOUSTON;TX;0;\N;53;\N;19;A;0;0
TOTAL QU;800-580-3101;V;9:00+;TL;Jun-30;HOUSTON;TX;188;HOUSTON;TX;0;\N;53;\N;19;A;0;0
TOTAL QU;800-580-3101;V;9:00+;TL;Jun-30;HOUSTON;TX;188;HOUSTON;TX;0;\N;53;\N;19;A;0;0
TOTAL QU;800-580-3101;V;9:00+;TL;Jun-30;HOUSTON;TX;188;HOUSTON;TX;0;\N;53;20000;19;A;0;0
TOTAL QU;800-580-3101;V;9:00+;TL;Jun-30;HOUSTON;TX;198;HOUSTON;TX;0;\N;48;30000;19;A;0;0
TOTAL QU;800-580-3101;V;9:00+;TL;Jun-30;HOUSTON;TX;188;HOUSTON;TX;0;\N;48;30000;19;A;0;0
TOTAL QU;800-580-3101;V;9:00+;TL;Jun-30;HOUSTON;TX;188;HOUSTON;TX;0;\N;48;30000;19;A;0;0
TOTAL QU;800-580-3101;V;9:00+;TL;Jun-30;HOUSTON;TX;188;HOUSTON;TX;0;\N;48;30000;19;A;0;0
TOTAL QU;800-580-3101;V;9:00+;TL;Jun-30;HOUSTON;TX;188;HOUSTON;TX;0;\N;48;30000;19;A;0;0
TOTAL QU;800-580-3101;V;9:00+;TL;Jun-30;HOUSTON;TX;188;HOUSTON;TX;0;\N;48;30000;19;A;0;0
TOTAL QU;800-580-3101;V;9:00+;TL;Jun-30;HOUSTON;TX;188;HOUSTON;TX;0;\N;48;30000;19;A;0;0
TOTAL QU;800-580-3101;V;9:00+;TL;Jun-30;HOUSTON;TX;188;HOUSTON;TX;0;\N;48;30000;19;A;0;0
TOTAL QU;800-580-3101;V;9:00+;TL;Jun-30;HOUSTON;TX;188;HOUSTON;TX;0;\N;48;30000;19;A;0;0
TOTAL QU;800-580-3101;V;9:00+;TL;Jun-30;HOUSTON;TX;188;HOUSTON;TX;0;\N;48;30000;19;A;0;0
TOTAL QU;800-580-3101;V;9:00+;TL;Jun-30;HOUSTON;TX;188;HOUSTON;TX;0;\N;53;42000;19;A;0;0
TOTAL QU;800-580-3101;V;9:00+;TL;Jun-30;HOUSTON;TX;188;HOUSTON;TX;0;\N;48;42000;19;A;0;0
TOTAL QU;800-580-3101;V;9:00+;TL;Jun-30;HOUSTON;TX;188;BAYTOWN;TX;29;\N;53;42000;19;A;10;25
TOTAL QU;800-580-3101;VR;9:00+;TL;Jun-30;HOUSTON;TX;188;LA PORTE;TX;25;\N;53;43000;19;A;11;27
TOTAL QU;800-580-3101;VR;9:00+;TL;Jun-30;HOUSTON;TX;188;LA PORTE;TX;25;\N;53;43000;19;A;11;27
TOTAL QU;800-580-3101;VR;9:00+;TL;Jun-30;HOUSTON;TX;188;LA PORTE;TX;25;\N;53;43000;19;A;11;27
TOTAL QU;800-580-3101;VR;9:00+;TL;Jun-30;HOUSTON;TX;188;LA PORTE;TX;25;\N;53;43000;19;A;11;27
TOTAL QU;800-580-3101;VR;9:00+;TL;Jun-30;HOUSTON;TX;188;LA PORTE;TX;25;\N;53;43000;19;A;11;27
TOTAL QU;800-580-3101;VR;9:00+;TL;Jun-30;HOUSTON;TX;188;LA PORTE;TX;25;\N;53;43000;19;A;11;27
TOTAL QU;800-580-3101;VR;9:00+;TL;Jun-30;HOUSTON;TX;188;LA PORTE;TX;25;\N;53;43000;19;A;11;27
TOTAL QU;800-580-3101;VR;9:00+;TL;Jun-30;HOUSTON;TX;188;LA PORTE;TX;25;\N;53;43000;19;A;11;27
TOTAL QU;800-580-3101;VR;9:00+;TL;Jun-30;HOUSTON;TX;188;LA PORTE;TX;25;\N;53;43000;19;A;11;27
TOTAL QU;800-580-3101;V;9:00+;TL;Jun-30;EL CAMPO;TX;137;HUMBLE;TX;21;\N;53;42000;19;A;36;92
TOTAL QU;800-580-3101;V;9:00+;TL;Jun-30;EL CAMPO;TX;137;HUMBLE;TX;21;\N;53;42000;19;A;36;92
TOTAL QU;800-580-3101;V;9:00+;TL;Jun-30;FLOWER MOUND;TX;259;HOUSTON;TX;0;\N;53;\N;19;A;104;268
TOTAL QU;800-580-3101;V;9:00+;TL;Jun-30;FLOWER MOUND;TX;259;HOUSTON;TX;0;\N;53;5000;19;A;104;268
TOTAL QU;800-580-3101;V;9:00+;TL;Jun-30;FLOWER MOUND;TX;259;HOUSTON;TX;0;\N;53;5000;19;A;104;268
TOTAL QU;800-580-3101;V;9:00+;TL;Jun-30;FLOWER MOUND;TX;259;HOUSTON;TX;0;\N;53;5000;19;A;104;268
TOTAL QU;800-580-3101;VR;9:00+;TL;Jun-30;FLOWER MOUND;TX;259;HOUSTON;TX;0;\N;53;\N;19;A;104;268
TOTAL QU;800-580-3101;VR;9:00+;TL;Jun-30;FLOWER MOUND;TX;259;HOUSTON;TX;0;\N;53;\N;19;A;104;268
TOTAL QU;800-580-3101;VR;9:00+;TL;Jun-30;FLOWER MOUND;TX;259;HOUSTON;TX;0;\N;53;\N;19;A;104;268
TOTAL QU;800-580-3101;VR;9:00+;TL;Jun-30;FLOWER MOUND;TX;259;HOUSTON;TX;0;\N;53;\N;19;A;104;268
TOTAL QU;800-580-3101;VR;9:00+;TL;Jun-30;FLOWER MOUND;TX;259;HOUSTON;TX;0;\N;53;25000;19;A;104;268
TOTAL QU;800-580-3101;VR;9:00+;TL;Jun-30;FLOWER MOUND;TX;259;HOUSTON;TX;0;\N;53;25000;19;A;104;268
TOTAL QU;800-580-3101;VR;9:00+;TL;Jun-30;FLOWER MOUND;TX;259;HOUSTON;TX;0;\N;53;25000;19;A;104;268
TOTAL QU;800-580-3101;VR;9:00+;TL;Jun-30;FLOWER MOUND;TX;259;HOUSTON;TX;0;\N;53;5000;19;A;104;268
TOTAL QU;800-580-3101;VR;9:00+;TL;Jun-30;FLOWER MOUND;TX;259;HOUSTON;TX;0;\N;53;5000;19;A;104;268
TOTAL QU;800-580-3101;VR;9:00+;TL;Jun-30;FLOWER MOUND;TX;259;HOUSTON;TX;0;\N;53;5000;19;A;104;268
TOTAL QU;800-580-3101;VR;9:00+;TL;Jun-30;FLOWER MOUND;TX;259;HOUSTON;TX;0;\N;53;5000;19;A;104;268
TOTAL QU;800-580-3101;VR;9:00+;TL;Jun-30;FLOWER MOUND;TX;259;HOUSTON;TX;0;\N;53;5000;19;A;104;268
TOTAL QU;800-580-3101;VR;9:00+;TL;Jun-30;FLOWER MOUND;TX;259;HOUSTON;TX;0;\N;53;5000;19;A;104;268
TOTAL QU;800-580-3101;VR;9:00+;TL;Jun-30;DALLAS;TX;254;SEALY;TX;47;\N;53;5000;19;A;93;240
TOTAL QU;800-580-3101;VR;9:00+;TL;Jun-30;FORT WORTH;TX;239;DAYTON;TX;40;\N;48;42000;19;A;115;291
TOTAL QU;800-580-3101;VR;9:00+;TL;Jun-30;FORT WORTH;TX;239;DAYTON;TX;40;\N;48;42000;19;A;115;291
TOTAL QU;800-580-3101;VR;9:00+;TL;Jun-30;FORT WORTH;TX;239;DAYTON;TX;40;\N;48;42000;19;A;115;291
TOTAL QU;800-580-3101;VR;9:00+;TL;Jun-30;FORT WORTH;TX;239;DAYTON;TX;40;\N;48;42000;19;A;115;291
TOTAL QU;800-580-3101;VR;9:00+;TL;Jun-30;FORT WORTH;TX;239;DAYTON;TX;40;\N;48;42000;19;A;115;291
TOTAL QU;800-580-3101;VR;9:00+;TL;Jun-30;FORT WORTH;TX;239;DAYTON;TX;40;\N;48;42000;19;A;115;291
TOTAL QU;800-580-3101;VR;9:00+;TL;Jun-30;FORT WORTH;TX;239;DAYTON;TX;40;\N;48;42000;19;A;115;291
TOTAL QU;800-580-3101;VR;9:00+;TL;Jun-30;FORT WORTH;TX;239;DAYTON;TX;40;\N;48;42000;19;A;115;291
TOTAL QU;800-580-3101;VR;9:00+;TL;Jun-30;FORT WORTH;TX;239;DAYTON;TX;40;\N;48;42000;19;A;115;291
TOTAL QU;800-580-3101;VR;9:00+;TL;Jun-30;FORT WORTH;TX;239;HEDWIG VILLAGE;TX;7;\N;53;5000;19;A;105;260
TOTAL QU;800-580-3101;VR;9:00+;TL;Jun-30;FORT WORTH;TX;239;HEMPSTEAD;TX;48;\N;53;5000;19;A;86;214
TOTAL QU;800-580-3101;VR;9:00+;TL;Jun-30;DENTON;TX;274;CHANNELVIEW;TX;18;\N;53;5000;19;A;113;292
TOTAL QU;800-580-3101;VR;9:00+;TL;Jun-30;DENTON;TX;274;PEARLAND;TX;18;\N;53;5000;19;A;115;298
TOTAL QU;800-580-3101;VR;9:00+;TL;Jun-30;DENTON;TX;274;SEALY;TX;47;\N;53;5000;19;A;109;278
TOTAL QU;800-580-3101;VR;9:00+;TL;Jun-30;DENTON;TX;274;SUGAR LAND;TX;17;\N;53;5000;19;A;116;297
TOTAL QU;800-580-3101;VR;9:00+;TL;Jun-30;DURANT;OK;333;HOUSTON;TX;0;\N;53;42000;19;A;128;332
TOTAL QU;800-580-3101;VR;9:00+;TL;Jun-30;DURANT;OK;333;HOUSTON;TX;0;\N;53;42000;19;A;128;332
TOTAL QU;800-580-3101;VR;9:00+;TL;Jun-30;DURANT;OK;333;HOUSTON;TX;0;\N;53;42000;19;A;128;332
TOTAL QU;800-580-3101;VR;9:00+;TL;Jun-30;DURANT;OK;333;HOUSTON;TX;0;\N;53;42000;19;A;128;332
TOTAL QU;800-580-3101;VR;9:00+;TL;Jun-30;DURANT;OK;333;HOUSTON;TX;0;\N;53;42000;19;A;128;332
TOTAL QU;800-580-3101;VR;9:00+;TL;Jun-30;DURANT;OK;333;HOUSTON;TX;0;\N;53;42000;19;A;128;332
TOTAL QU;800-580-3101;VR;9:00+;TL;Jun-30;DURANT;OK;333;HOUSTON;TX;0;\N;53;42000;19;A;128;332
TOTAL QU;800-580-3101;VR;9:00+;TL;Jun-30;DURANT;OK;333;HOUSTON;TX;0;\N;53;42000;19;A;128;332
TOTAL QU;800-580-3101;VR;9:00+;TL;Jun-30;DALLAS;TX;254;SUGAR LAND;TX;17;\N;53;5000;19;A;101;260
TOTAL QU;800-580-3101;VR;9:00+;TL;Jun-30;DALLAS;TX;254;HOUSTON;TX;0;\N;53;\N;19;A;94;240
TOTAL QU;800-580-3101;VR;9:00+;TL;Jun-30;DALLAS;TX;254;HOUSTON;TX;0;\N;53;40000;19;A;94;240
TOTAL QU;800-580-3101;VR;9:00+;TL;Jun-30;DALLAS;TX;254;HOUSTON;TX;0;\N;53;40000;19;A;94;240
TOTAL QU;800-580-3101;VR;9:00+;TL;Jun-30;DALLAS;TX;254;HOUSTON;TX;0;\N;53;40000;19;A;94;240
TOTAL QU;800-580-3101;VR;9:00+;TL;Jun-30;DALLAS;TX;254;HOUSTON;TX;0;\N;53;40000;19;A;94;240
TOTAL QU;800-580-3101;VR;9:00+;TL;Jun-30;DALLAS;TX;254;HOUSTON;TX;0;\N;53;42000;19;A;94;240
TOTAL QU;800-580-3101;VR;9:00+;TL;Jun-30;DALLAS;TX;254;HOUSTON;TX;0;\N;53;43000;19;A;94;240
TOTAL QU;800-580-3101;VR;9:00+;TL;Jun-30;DALLAS;TX;254;HOUSTON;TX;0;\N;53;43000;19;A;94;240
TOTAL QU;800-580-3101;VR;9:00+;TL;Jun-30;DALLAS;TX;254;HOUSTON;TX;0;\N;53;43000;19;A;94;240
TOTAL QU;800-580-3101;VR;9:00+;TL;Jun-30;DALLAS;TX;254;HOUSTON;TX;0;\N;53;43000;19;A;94;240
TOTAL QU;800-580-3101;VR;9:00+;TL;Jun-30;DALLAS;TX;254;HOUSTON;TX;0;\N;48;44000;19;A;94;240
TOTAL QU;800-580-3101;VR;9:00+;TL;Jun-30;DALLAS;TX;254;HOUSTON;TX;0;\N;53;5000;19;A;94;240
TOTAL QU;800-580-3101;VR;9:00+;TL;Jun-30;DALLAS;TX;254;HOUSTON;TX;0;\N;53;5000;19;A;94;240
TOTAL QU;800-580-3101;VR;9:00+;TL;Jun-30;DALLAS;TX;254;JERSEY VILLAGE;TX;12;\N;53;\N;19;A;94;241
TOTAL QU;800-580-3101;V;9:00+;TL;Jun-30;COMFORT;TX;42;ALVIN;TX;27;\N;53;45000;19;A;100;269
TOTAL QU;800-580-3101;VR;9:00+;TL;Jun-30;DALLAS;TX;254;HEMPSTEAD;TX;48;\N;53;5000;19;A;82;212
COYOTE L;773-799-2118;V;9:00+;TL;Jun-30;FORT WORTH;TX;239;NORTH HOUSTON;TX;14;650;53;15246;21;A;101;256
COYOTE L;773-799-2118;V;9:00+;TL;Jun-30;FORT WORTH;TX;239;NORTH HOUSTON;TX;14;700;53;15246;21;A;101;256
COYOTE L;773-799-2118;V;9:00+;TL;Jun-30;FORT WORTH;TX;239;NORTH HOUSTON;TX;14;750;53;15246;21;A;101;256
COYOTE L;773-799-2118;V;9:00+;TL;Jun-30;LAREDO;TX;147;HOUSTON;TX;0;850;53;40000;21;A;131;350
COYOTE L;773-799-2118;VR;9:00+;TL;Jun-30;LAREDO;TX;147;HOUSTON;TX;0;750;48;44907;21;A;131;350
COYOTE L;773-799-2118;VR;9:00+;TL;Jun-30;LAREDO;TX;147;SEABROOK;TX;29;\N;48;43243;21;A;152;382
COYOTE L;773-799-2118;VR;9:00+;TL;Jun-30;LAREDO;TX;147;SEABROOK;TX;29;1000;48;43243;21;A;152;382
COYOTE L;773-799-2118;V;9:00+;TL;Jun-30;PARIS;TX;339;ROSENBERG;TX;30;\N;53;13278;21;A;142;369
COYOTE L;773-799-2118;V;9:00+;TL;Jun-30;PARIS;TX;339;ROSENBERG;TX;30;700;53;13278;21;A;142;369
COYOTE L;773-799-2118;V;9:00+;TL;Jun-30;PHARR;TX;227;HOUSTON;TX;0;\N;53;42003;21;A;144;360
COYOTE L;773-799-2118;V;9:00+;TL;Jun-30;PHARR;TX;227;HOUSTON;TX;0;1000;53;42003;21;A;144;360
COYOTE L;773-799-2118;V;9:00+;TL;Jun-30;SAGINAW;TX;245;HOUSTON;TX;0;\N;53;7370;21;A;107;271
COYOTE L;773-799-2118;V;9:00+;TL;Jun-30;WESLACO;TX;231;HOUSTON;TX;0;\N;53;42003;21;A;139;348
COYOTE L;773-799-2118;V;9:00+;TL;Jun-30;SEGUIN;TX;33;HOUSTON;TX;0;300;53;43500;21;A;62;161
COYOTE L;773-799-2118;V;9:00+;TL;Jun-30;SEGUIN;TX;33;HOUSTON;TX;0;400;53;43500;21;A;62;161
COYOTE L;773-799-2118;V;9:00+;TL;Jun-30;SEGUIN;TX;33;HOUSTON;TX;0;400;53;43500;21;A;62;161
COYOTE L;773-799-2118;V;9:00+;TL;Jun-30;SEGUIN;TX;33;HOUSTON;TX;0;500;53;43500;21;A;62;161
COYOTE L;773-799-2118;V;9:00+;TL;Jun-30;PHARR;TX;227;HOUSTON;TX;0;1500;53;42003;21;A;144;360
COYOTE L;773-799-2118;V;9:00+;TL;Jun-30;PHARR;TX;227;HOUSTON;TX;0;1800;53;42003;21;A;144;360
COYOTE L;773-799-2118;V;9:00+;TL;Jun-30;PHARR;TX;227;HOUSTON;TX;0;1400;53;42003;21;A;144;360
COYOTE L;773-799-2118;V;9:00+;TL;Jun-30;PHARR;TX;227;HOUSTON;TX;0;800;53;42003;21;A;144;360
COYOTE L;773-799-2118;V;9:00+;TL;Jun-30;WESLACO;TX;231;HOUSTON;TX;0;2000;53;42003;21;A;139;348
COYOTE L;773-799-2118;V;9:00+;TL;Jun-30;WESLACO;TX;231;HOUSTON;TX;0;1400;53;42003;21;A;139;348
COYOTE L;773-799-2118;V;9:00+;TL;Jun-30;WESLACO;TX;231;HOUSTON;TX;0;1650;53;42003;21;A;139;348
GILTNER;208-293-9636;V;9:00+;TL;Jun-30;LA PORTE;TX;209;PASADENA;TX;13;\N;53;43415;15;A;6;14
GILTNER;208-293-9636;V;9:00+;TL;Jun-30;LA PORTE;TX;209;PASADENA;TX;13;\N;53;43415;15;A;6;14
J H ROSE;956-227-1619;VR;9:00+;TL;Jun-30;DALLAS;TX;254;HOUSTON;TX;0;450;\N;45300;23;A;94;240
MAJEWSKI;281-260-8880;V;9:00+;TL;Jun-30;MCALLEN;TX;225;HOUSTON;TX;0;1000;53;40000;35;A;146;363
MAJEWSKI;281-260-8880;V;9:00+;TL;Jun-30;MCALLEN;TX;225;HOUSTON;TX;0;800;53;42000;35;A;146;363
AMERICAN;850-233-9939;VR;9:00+;TL;Jun-30;EDINBURG;TX;219;HOUSTON;TX;0;\N;\N;\N;29;A;135;338
LANDSTAR;713-357-7740;V;9:00+;TL;Jun-30;TERRELL;TX;261;PASADENA;TX;13;\N;53;35000;25;A;106;272
EPES LOG;866-242-1982;VA;9:00+;TL;Jun-30;AUSTIN;TX;72;HOUSTON;TX;0;\N;\N;5000;22;A;62;162
JETCO LO;713-678-6499;VR;9:00+;TL;Jun-30;DALLAS;TX;254;HOUSTON;TX;0;1650;53;43000;33;A;94;240
DUPRE LO;844-452-8980;V;9:00+;TL;Jun-30;WILMER;TX;240;CONROE;TX;39;\N;\N;45000;22;A;70;183
MIDEX CO;888-970-5240;VR;9:00+;TL;Jun-30;LOVING;NM;385;HOUSTON;TX;0;800;\N;\N;28;A;240;634
GLOBALTR;866-275-1407;V;9:00+;TL;Jun-30;LAREDO;TX;147;KATY;TX;22;800;\N;44000;29;A;121;321
GLOBALTR;866-275-1407;V;9:00+;TL;Jun-30;DALLAS;TX;254;HOUSTON;TX;0;500;53;7600;29;A;94;240
RED CLAS;469-786-2605;V;9:00+;TL;Jun-30;LAREDO;TX;147;HOUSTON;TX;0;1150;\N;43000;10;A;131;350
CNYB INC;989-607-0888;V;9:00+;TL;Jun-30;LAREDO;TX;147;HOUSTON;TX;0;\N;\N;\N;23;A;131;350
CNYB INC;989-607-0888;V;9:00+;TL;Jun-30;LAREDO;TX;147;MISSOURI CITY;TX;20;850;\N;\N;23;A;117;301
UNITED V;817-632-7800;VF;9:00+;TL;Jun-30;MILLSAP;TX;234;HOUSTON;TX;0;450;\N;45000;3;A;118;304
DEBOER T;715-652-1990;V;9:00+;TL;Jun-30;TEXARKANA;AR;381;LA PORTE;TX;25;700;\N;\N;25;A;123;317
FIRST IN;956-682-0188;VR;9:00+;TL;Jun-30;EDINBURG;TX;219;HOUSTON;TX;0;\N;\N;\N;12;A;135;338
TOTAL QU;800-580-3101;VR;9:00+;TL;Jun-30;CARROLLTON;TX;265;PASADENA;TX;13;\N;53;\N;19;A;104;268
TOTAL QU;800-580-3101;V;9:00+;TL;Jun-30;CUERO;TX;74;CLEVELAND;TX;48;\N;53;45000;19;A;71;189
TOTAL QU;800-580-3101;V;9:00+;TL;Jun-30;DALLAS;TX;251;HOUSTON;TX;0;\N;48;\N;19;A;94;240
TOTAL QU;800-580-3101;V;9:00+;TL;Jun-30;DALLAS;TX;254;HOUSTON;TX;0;\N;48;\N;19;A;94;240
TOTAL QU;800-580-3101;V;9:00+;TL;Jun-30;DALLAS;TX;254;HOUSTON;TX;0;\N;48;\N;19;A;94;240
TOTAL QU;800-580-3101;V;9:00+;TL;Jun-30;DALLAS;TX;254;HOUSTON;TX;0;\N;48;11000;19;A;94;240
TOTAL QU;800-580-3101;V;9:00+;TL;Jun-30;DALLAS;TX;254;HOUSTON;TX;0;\N;48;11000;19;A;94;240
TOTAL QU;800-580-3101;V;9:00+;TL;Jun-30;DALLAS;TX;254;HOUSTON;TX;0;\N;48;11000;19;A;94;240
TOTAL QU;800-580-3101;V;9:00+;TL;Jun-30;DALLAS;TX;254;HOUSTON;TX;0;\N;53;14000;19;A;94;240
TOTAL QU;800-580-3101;V;9:00+;TL;Jun-30;DALLAS;TX;254;HOUSTON;TX;0;\N;53;43000;19;A;94;240
TOTAL QU;800-580-3101;V;9:00+;TL;Jun-30;DALLAS;TX;254;HOUSTON;TX;0;\N;53;43000;19;A;94;240
TOTAL QU;800-580-3101;V;9:00+;TL;Jun-30;DALLAS;TX;254;HOUSTON;TX;0;\N;48;44000;19;A;94;240
TOTAL QU;800-580-3101;V;9:00+;TL;Jun-30;DALLAS;TX;254;HOUSTON;TX;0;\N;48;44000;19;A;94;240
CHOPTANK;800-568-2240;V;9:00+;TL;Jun-30;LEWISVILLE;TX;265;ROSHARON;TX;21;750;53;43500;27;A;115;299
CHOPTANK;800-568-2240;V;9:00+;TL;Jun-30;LEWISVILLE;TX;265;ROSHARON;TX;21;900;53;43500;27;A;115;299
SUREWAY;312-319-4766;VR;9:00+;TL;Jun-30;HOUSTON;TX;188;HOUSTON;TX;0;\N;53;44686;30*;A;0;0
EDGE LOG;312-319-4766;VR;9:00+;TL;Jun-30;HOUSTON;TX;188;HOUSTON;TX;0;\N;53;44793;30*;A;0;0
EDGE LOG;312-319-4766;VR;9:00+;TL;Jun-30;HOUSTON;TX;188;HOUSTON;TX;0;\N;53;45007;30*;A;0;0
EDGE LOG;312-319-4766;VR;9:00+;TL;Jun-30;HOUSTON;TX;188;BAYTOWN;TX;29;\N;53;43761;30*;A;10;25
EDGE LOG;312-319-4766;VR;9:00+;TL;Jun-30;HOUSTON;TX;188;BAYTOWN;TX;29;\N;53;45007;30*;A;10;25
EDGE LOG;312-319-4766;VR;9:00+;TL;Jun-30;HOUSTON;TX;188;BAYTOWN;TX;29;600;53;45007;30*;A;10;25
EDGE LOG;312-319-4766;VR;9:00+;TL;Jun-30;HOUSTON;TX;188;CLUTE;TX;52;\N;53;43761;30*;A;27;70
EDGE LOG;312-319-4766;VR;9:00+;TL;Jun-30;HOUSTON;TX;188;CLUTE;TX;52;600;53;43761;30*;A;27;70
EDGE LOG;312-319-4766;VR;9:00+;TL;Jun-30;HOUSTON;TX;188;MAGNOLIA;TX;50;\N;53;43761;30*;A;21;52
EDGE LOG;312-319-4766;V;9:00+;TL;Jun-30;LANCASTER;TX;241;HOUSTON;TX;0;\N;53;39888;30*;A;91;234
EDGE LOG;312-319-4766;VR;9:00+;TL;Jun-30;MISSOURI CITY;TX;180;HUMBLE;TX;21;600;\N;\N;30*;A;14;35
EDGE LOG;312-319-4766;VR;9:00+;TL;Jun-30;MISSOURI CITY;TX;180;MAGNOLIA;TX;50;600;\N;\N;30*;A;33;74
EDGE LOG;312-319-4766;V;9:00+;TL;Jun-30;NORTHLAKE;TX;262;HOUSTON;TX;0;600;53;41972;30*;A;100;257
ARMSTRON;844-239-0264;VR;9:00+;TL;Jun-30;ABILENE;TX;219;HOUSTON;TX;0;\N;53;43000;27;A;170;407
ARMSTRON;844-239-0264;VR;9:00+;TL;Jun-30;ABILENE;TX;219;HOUSTON;TX;0;\N;53;43000;27;A;170;407
ARMSTRON;844-239-0264;VR;9:00+;TL;Jun-30;ABILENE;TX;219;HOUSTON;TX;0;\N;53;43000;27;A;170;407
ARMSTRON;844-239-0264;VR;9:00+;TL;Jun-30;ABILENE;TX;219;HOUSTON;TX;0;\N;53;43000;27;A;170;407
ARMSTRON;844-239-0264;VR;9:00+;TL;Jun-30;ABILENE;TX;219;HOUSTON;TX;0;\N;53;43000;27;A;170;407
ARMSTRON;844-239-0264;VR;9:00+;TL;Jun-30;ABILENE;TX;219;HOUSTON;TX;0;\N;53;43000;27;A;170;407
ARMSTRON;844-239-0264;VR;9:00+;TL;Jun-30;ABILENE;TX;219;HOUSTON;TX;0;\N;53;43000;27;A;170;407
ARMSTRON;844-239-0264;VR;9:00+;TL;Jun-30;ABILENE;TX;219;HOUSTON;TX;0;\N;53;43000;27;A;170;407
ARMSTRON;844-239-0264;VR;9:00+;TL;Jun-30;ABILENE;TX;219;HOUSTON;TX;0;\N;53;43000;27;A;170;407
ARMSTRON;844-239-0264;VR;9:00+;TL;Jun-30;ABILENE;TX;219;HOUSTON;TX;0;\N;53;43000;27;A;170;407
ARMSTRON;844-239-0264;VR;9:00+;TL;Jun-30;ABILENE;TX;219;HOUSTON;TX;0;\N;53;43000;27;A;170;407
ARMSTRON;844-239-0264;VR;9:00+;TL;Jun-30;ABILENE;TX;219;HOUSTON;TX;0;\N;53;43000;27;A;170;407
ARMSTRON;844-239-0264;VR;9:00+;TL;Jun-30;ABILENE;TX;219;HOUSTON;TX;0;\N;53;43000;27;A;170;407
INTEGRIT;937-684-8180;V;9:00+;TL;Jun-30;MESQUITE;TX;255;HOUSTON;TX;0;600;53;35000;20;A;94;241
INTEGRIT;937-684-8180;V;9:00+;TL;Jun-30;DALLAS;TX;254;HOUSTON;TX;0;600;53;35000;20;A;94;240
RESULTS;972-665-6857;FV;9:00+;TL;Jun-30;RAYMONDVILLE;TX;211;PASADENA;TX;13;700;\N;\N;17;A;127;315
AMERICAN;574-387-5212;VR;9:00+;TL;Jun-30;DALLAS;TX;254;HOUSTON;TX;0;500;\N;\N;22;A;94;240
KING OF;316-530-5370;V;9:00+;TL;Jun-30;DENTON;TX;274;HOUSTON;TX;0;450;\N;\N;27;A;108;278
YELLOW D;714-617-1752;V;9:00+;TL;Jun-30;LA PORTE;TX;209;HOUSTON;TX;0;\N;53;40950;29;A;11;27
KING OF;316-413-2092;V;9:00+;TL;Jun-30;MCALLEN;TX;225;HOUSTON;TX;0;700;\N;42000;27;A;146;363
SUREWAY;479-202-4061;V;9:00+;PTL;Jun-30;HOUSTON;TX;188;HOUSTON;TX;0;700;\N;200;3;A;0;0
NOLAN TR;630-496-0085;V;9:00+;TL;Jun-30;DALLAS;TX;254;GALVESTON;TX;50;\N;\N;43000;23;A;113;290
NOLAN TR;630-496-0085;V;9:00+;TL;Jun-30;SEBASTIAN;TX;220;GALVESTON;TX;50;\N;\N;43000;23;A;145;357
NOLAN TR;956-232-3113;V;9:00+;TL;Jun-30;LAREDO;TX;147;HOUSTON;TX;0;\N;\N;30000;23;A;131;350
INTEGRIT;937-684-8180;V;9:00+;TL;Jun-30;GRAND PRAIRIE;TX;244;HOUSTON;TX;0;\N;53;10000;20;A;97;251
INTEGRIT;937-684-8180;V;9:00+;TL;Jun-30;GRAND PRAIRIE;TX;244;HOUSTON;TX;0;1000;53;10000;20;A;97;251
INTEGRIT;937-684-8180;V;9:00+;TL;Jun-30;GRAND PRAIRIE;TX;244;HOUSTON;TX;0;650;48;15000;20;A;97;251
INTEGRIT;937-684-8180;V;9:00+;TL;Jun-30;GRAND PRAIRIE;TX;244;HOUSTON;TX;0;800;48;10000;20;A;97;251
EPES LOG;866-247-0691;V;9:00+;TL;Jun-30;ROANOKE;TX;256;BROOKSHIRE;TX;35;\N;53;40366;22;A;119;300
TRAFFIX;888-401-3349;V;9:00+;TL;Jun-30;FORT WORTH;TX;239;HOUSTON;TX;0;500;53;45000;24;A;102;261
ZENGISTI;512-430-4600;V;9:00+;TL;Jun-30;NORTHLAKE;TX;262;HOUSTON;TX;0;\N;\N;\N;21;A;100;257
GLOBALTR;888-954-7231;VR;9:00+;TL;Jun-30;LAREDO;TX;147;HOUSTON;TX;0;1000;53;44000;29;A;131;350
RFX INC;219-956-0540;V;9:00+;TL;Jun-30;FAIRFIELD;TX;209;CHANNELVIEW;TX;18;425;53;10000;16;A;65;166
DFH TRAN;817-367-7001;V;9:00+;TL;Jun-30;COPPELL;TX;255;HOUSTON;TX;0;\N;\N;\N;16;A;101;261
ADAMS MO;817-737-3636;VA;9:00+;TL;Jun-30;DURANT;OK;333;HOUSTON;TX;0;1000;\N;43500;10;A;128;332
NATIONWI;915-603-8854;VR;9:00+;TL;Jun-30;LAREDO;TX;147;HOUSTON;TX;0;\N;\N;\N;15;A;131;350
GLOBALTR;888-954-7231;VR;9:00+;TL;Jun-30;LAREDO;TX;147;DAYTON;TX;40;1000;53;44000;29;A;151;386
MEADOW L;406-237-0870;V;9:00+;TL;Jun-30;MINERAL WELLS;TX;232;BAYTOWN;TX;29;500;\N;21000;35;A;128;329
TANAGER;210-314-6528;V;9:00+;TL;Jun-30;ROANOKE;TX;256;HOUSTON;TX;0;550;\N;\N;22;A;105;270
TANAGER;210-314-6528;V;9:00+;TL;Jun-30;WEATHERFORD;TX;232;HOUSTON;TX;0;650;\N;\N;22;A;111;286
VELOCITY;469-324-5958;V;9:00+;TL;Jun-30;GRAPEVINE;TX;255;HOUSTON;TX;0;575;\N;18000;26;A;101;260
THIRD CO;512-382-4052;V;9:00+;PTL;Jun-30;LAREDO;TX;147;HOUSTON;TX;0;650;10;1610;28;A;131;350
ELITE TR;878-999-2766;V;9:00+;TL;Jun-30;TEMPLE;TX;133;HOUSTON;TX;0;550;\N;45000;41;B;67;167
THIRD CO;512-382-4052;V;9:00+;TL;Jun-30;LAREDO;TX;147;HOUSTON;TX;0;1000;53;6810;28;A;131;350
ELITE TR;878-999-2766;V;9:00+;TL;Jun-30;DALLAS;TX;254;MISSOURI CITY;TX;20;550;\N;44000;41;B;100;257
ELITE TR;878-999-2766;V;9:00+;TL;Jun-30;MISSOURI CITY;TX;180;EL CAMPO;TX;69;450;\N;44000;41;B;23;59
APEX LOG;801-924-1850;VR;9:00+;TL;Jun-30;TEXARKANA;AR;381;HOUSTON;TX;0;\N;\N;43290;25*;A;115;299
BMM LOGI;773-283-2599;V;9:00+;TL;Jun-30;BONHAM;TX;316;PASADENA;TX;13;\N;\N;\N;38;A;125;322
A1 VALUE;678-487-5508;V;9:00+;PTL;Jun-30;ARLINGTON;TX;242;HOUSTON;TX;0;\N;20;1700;13;A;99;256
A1 VALUE;678-487-5508;V;9:00+;TL;Jun-30;LAREDO;TX;147;HOUSTON;TX;0;\N;53;42000;13;A;131;350
A1 VALUE;678-487-5508;V;9:00+;TL;Jun-30;LAREDO;TX;147;HOUSTON;TX;0;\N;53;19000;13;A;131;350
A1 VALUE;678-487-5508;V;9:00+;TL;Jun-30;LAREDO;TX;147;HOUSTON;TX;0;\N;53;42000;13;A;131;350
DFW NATI;972-325-4500;V;9:00+;TL;Jun-30;DALLAS;TX;254;HOUSTON;TX;0;\N;\N;\N;13;A;94;240
ACTION E;773-832-8600;VF;9:00+;TL;Jun-30;MILLSAP;TX;234;HOUSTON;TX;0;\N;48;40000;15;A;118;304
ACTION E;773-832-8600;VF;9:00+;TL;Jun-30;MILLSAP;TX;234;HOUSTON;TX;0;\N;48;40000;15;A;118;304
ACTION E;773-832-8600;VF;9:00+;TL;Jun-30;MILLSAP;TX;234;HOUSTON;TX;0;\N;48;40000;15;A;118;304
ACTION E;773-832-8600;VF;9:00+;TL;Jun-30;MILLSAP;TX;234;HOUSTON;TX;0;\N;48;40000;15;A;118;304
ACTION E;773-832-8600;VF;9:00+;TL;Jun-30;MILLSAP;TX;234;HOUSTON;TX;0;\N;48;40000;15;A;118;304
ACTION E;773-832-8600;VF;9:00+;TL;Jun-30;MILLSAP;TX;234;HOUSTON;TX;0;\N;48;40000;15;A;118;304
ACTION E;773-832-8600;VF;9:00+;TL;Jun-30;MILLSAP;TX;234;HOUSTON;TX;0;\N;48;40000;15;A;118;304
ACTION E;773-832-8600;VF;9:00+;TL;Jun-30;MILLSAP;TX;234;HOUSTON;TX;0;\N;48;40000;15;A;118;304
ACTION E;773-832-8600;VF;9:00+;TL;Jun-30;MILLSAP;TX;234;HOUSTON;TX;0;\N;48;40000;15;A;118;304
ACTION E;773-832-8600;VF;9:00+;TL;Jun-30;MILLSAP;TX;234;HOUSTON;TX;0;\N;48;40000;15;A;118;304
ACTION E;773-832-8600;VF;9:00+;TL;Jun-30;MILLSAP;TX;234;HOUSTON;TX;0;\N;48;40000;15;A;118;304
ACTION E;773-832-8600;VF;9:00+;TL;Jun-30;MILLSAP;TX;234;HOUSTON;TX;0;\N;48;40000;15;A;118;304
ACTION E;773-832-8600;VF;9:00+;TL;Jun-30;MILLSAP;TX;234;HOUSTON;TX;0;\N;48;40000;15;A;118;304
ACTION E;773-832-8600;VF;9:00+;TL;Jun-30;MILLSAP;TX;234;HOUSTON;TX;0;\N;48;40000;15;A;118;304
ACTION E;773-832-8600;VF;9:00+;TL;Jun-30;MILLSAP;TX;234;HOUSTON;TX;0;\N;48;40000;15;A;118;304
ACTION E;773-832-8600;VF;9:00+;TL;Jun-30;MILLSAP;TX;234;HOUSTON;TX;0;\N;48;40000;15;A;118;304
ACTION E;773-832-8600;VF;9:00+;TL;Jun-30;MILLSAP;TX;234;HOUSTON;TX;0;\N;48;40000;15;A;118;304
ACTION E;773-832-8600;VF;9:00+;TL;Jun-30;MILLSAP;TX;234;HOUSTON;TX;0;\N;48;40000;15;A;118;304
ACTION E;773-832-8600;VF;9:00+;TL;Jun-30;MILLSAP;TX;234;HOUSTON;TX;0;\N;48;40000;15;A;118;304
ACTION E;773-832-8600;VF;9:00+;TL;Jun-30;MILLSAP;TX;234;HOUSTON;TX;0;\N;48;40000;15;A;118;304
ACTION E;773-832-8600;VF;9:00+;TL;Jun-30;MILLSAP;TX;234;HOUSTON;TX;0;\N;48;40000;15;A;118;304
ACTION E;773-832-8600;VF;9:00+;TL;Jun-30;MILLSAP;TX;234;HOUSTON;TX;0;\N;48;40000;15;A;118;304
ACTION E;773-832-8600;VF;9:00+;TL;Jun-30;MILLSAP;TX;234;HOUSTON;TX;0;\N;48;40000;15;A;118;304
ACTION E;773-832-8600;VF;9:00+;TL;Jun-30;MILLSAP;TX;234;HOUSTON;TX;0;\N;48;40000;15;A;118;304
ACTION E;773-832-8600;VF;9:00+;TL;Jun-30;MILLSAP;TX;234;HOUSTON;TX;0;\N;48;40000;15;A;118;304
ACTION E;773-832-8600;VF;9:00+;TL;Jun-30;MILLSAP;TX;234;HOUSTON;TX;0;\N;48;40000;15;A;118;304
ACTION E;773-832-8600;VF;9:00+;TL;Jun-30;MILLSAP;TX;234;HOUSTON;TX;0;\N;48;40000;15;A;118;304
ACTION E;773-832-8600;VF;9:00+;TL;Jun-30;MILLSAP;TX;234;HOUSTON;TX;0;\N;48;40000;15;A;118;304
ACTION E;773-832-8600;VF;9:00+;TL;Jun-30;MILLSAP;TX;234;HOUSTON;TX;0;\N;48;40000;15;A;118;304
ACTION E;773-832-8600;VF;9:00+;TL;Jun-30;MILLSAP;TX;234;HOUSTON;TX;0;\N;48;40000;15;A;118;304
ACTION E;773-832-8600;VF;9:00+;TL;Jun-30;MILLSAP;TX;234;HOUSTON;TX;0;\N;48;40000;15;A;118;304
ACTION E;773-832-8600;VF;9:00+;TL;Jun-30;MILLSAP;TX;234;HOUSTON;TX;0;\N;48;40000;15;A;118;304
ACTION E;773-832-8600;VF;9:00+;TL;Jun-30;MILLSAP;TX;234;HOUSTON;TX;0;\N;48;40000;15;A;118;304
ACTION E;773-832-8600;VF;9:00+;TL;Jun-30;MILLSAP;TX;234;HOUSTON;TX;0;\N;48;40000;15;A;118;304
ACTION E;773-832-8600;VF;9:00+;TL;Jun-30;MILLSAP;TX;234;HOUSTON;TX;0;\N;48;40000;15;A;118;304
ACTION E;773-832-8600;VF;9:00+;TL;Jun-30;MILLSAP;TX;234;HOUSTON;TX;0;\N;48;40000;15;A;118;304
ACTION E;773-832-8600;VF;9:00+;TL;Jun-30;MILLSAP;TX;234;HOUSTON;TX;0;\N;48;40000;15;A;118;304
ACTION E;773-832-8600;VF;9:00+;TL;Jun-30;MILLSAP;TX;234;HOUSTON;TX;0;\N;48;40000;15;A;118;304
BAT LOGI;712-256-7260;V;9:00+;TL;Jun-30;SAN ANTONIO;TX;0;PASADENA;TX;13;\N;53;44000;24;A;80;210
ACTION E;773-832-8600;VF;9:00+;TL;Jun-30;DALLAS;TX;254;HOUSTON;TX;0;\N;48;40000;15;A;94;240
ACTION E;773-832-8600;VF;9:00+;TL;Jun-30;DALLAS;TX;254;HOUSTON;TX;0;\N;48;40000;15;A;94;240
ACTION E;773-832-8600;VF;9:00+;TL;Jun-30;DALLAS;TX;254;HOUSTON;TX;0;\N;48;40000;15;A;94;240
ACTION E;773-832-8600;VF;9:00+;TL;Jun-30;DALLAS;TX;254;HOUSTON;TX;0;\N;48;40000;15;A;94;240
ACTION E;773-832-8600;VF;9:00+;TL;Jun-30;DALLAS;TX;254;HOUSTON;TX;0;\N;48;40000;15;A;94;240
ACTION E;773-832-8600;VF;9:00+;TL;Jun-30;DALLAS;TX;254;HOUSTON;TX;0;\N;48;40000;15;A;94;240
ACTION E;773-832-8600;VF;9:00+;TL;Jun-30;DALLAS;TX;254;HOUSTON;TX;0;\N;48;40000;15;A;94;240
ACTION E;773-832-8600;VF;9:00+;TL;Jun-30;DALLAS;TX;254;HOUSTON;TX;0;\N;48;40000;15;A;94;240
ACTION E;773-832-8600;VF;9:00+;TL;Jun-30;DALLAS;TX;254;HOUSTON;TX;0;\N;48;40000;15;A;94;240
ACTION E;773-832-8600;VF;9:00+;TL;Jun-30;DALLAS;TX;254;HOUSTON;TX;0;\N;48;40000;15;A;94;240
ACTION E;773-832-8600;VF;9:00+;TL;Jun-30;DALLAS;TX;254;HOUSTON;TX;0;\N;48;40000;15;A;94;240
ACTION E;773-832-8600;VF;9:00+;TL;Jun-30;DALLAS;TX;254;HOUSTON;TX;0;\N;48;40000;15;A;94;240
ACTION E;773-832-8600;VF;9:00+;TL;Jun-30;DALLAS;TX;254;HOUSTON;TX;0;\N;48;40000;15;A;94;240
ACTION E;773-832-8600;VF;9:00+;TL;Jun-30;DALLAS;TX;254;HOUSTON;TX;0;\N;48;40000;15;A;94;240
ACTION E;773-832-8600;VF;9:00+;TL;Jun-30;DALLAS;TX;254;HOUSTON;TX;0;\N;48;40000;15;A;94;240
ACTION E;773-832-8600;VF;9:00+;TL;Jun-30;DALLAS;TX;254;HOUSTON;TX;0;\N;48;40000;15;A;94;240
ACTION E;773-832-8600;VF;9:00+;TL;Jun-30;DALLAS;TX;254;HOUSTON;TX;0;\N;48;40000;15;A;94;240
ACTION E;773-832-8600;VF;9:00+;TL;Jun-30;DALLAS;TX;254;HOUSTON;TX;0;\N;48;40000;15;A;94;240
ACTION E;773-832-8600;VF;9:00+;TL;Jun-30;DALLAS;TX;254;HOUSTON;TX;0;\N;48;40000;15;A;94;240
ACTION E;773-832-8600;VF;9:00+;TL;Jun-30;DALLAS;TX;254;HOUSTON;TX;0;\N;48;40000;15;A;94;240
ACTION E;773-832-8600;VF;9:00+;TL;Jun-30;DALLAS;TX;254;HOUSTON;TX;0;\N;48;40000;15;A;94;240
ACTION E;773-832-8600;VF;9:00+;TL;Jun-30;DALLAS;TX;254;HOUSTON;TX;0;\N;48;40000;15;A;94;240
ACTION E;773-832-8600;VF;9:00+;TL;Jun-30;DALLAS;TX;254;HOUSTON;TX;0;\N;48;40000;15;A;94;240
ACTION E;773-832-8600;VF;9:00+;TL;Jun-30;DALLAS;TX;254;HOUSTON;TX;0;\N;48;40000;15;A;94;240
ACTION E;773-832-8600;VF;9:00+;TL;Jun-30;DALLAS;TX;254;HOUSTON;TX;0;\N;48;40000;15;A;94;240
ACTION E;773-832-8600;VF;9:00+;TL;Jun-30;DALLAS;TX;254;HOUSTON;TX;0;\N;48;40000;15;A;94;240
GLOBALTR;319-491-3393;V;9:00+;TL;Jun-30;MCALLEN;TX;225;WALLER;TX;40;2250;\N;43564;29;A;156;386
BM2 FREI;800-319-1115;V;9:00+;TL;Jun-30;ORANGE;TX;287;FREEPORT;TX;58;\N;53;43223;18;A;67;169
BAT LOGI;712-256-7260;V;9:00+;TL;Jun-30;FORNEY;TX;257;HOUSTON;TX;0;\N;53;15500;24;A;99;254
BAT LOGI;712-256-7260;V;9:00+;TL;Jun-30;FORNEY;TX;257;HOUSTON;TX;0;\N;53;20000;24;A;99;254
SUPERIOR;888-856-0477;V;9:00+;TL;Jun-30;LA PORTE;TX;209;BAYTOWN;TX;29;325;48;40000;21*;A;4;8
LANDSTAR;469-570-7101;V;9:00+;TL;Jun-30;SHREVEPORT;LA;351;HOUSTON;TX;0;\N;53;38856;25;A;95;242
LANDSTAR;469-570-7101;V;9:00+;TL;Jun-30;SHREVEPORT;LA;351;HOUSTON;TX;0;\N;53;38856;25;A;95;242
LANDSTAR;469-570-7101;V;9:00+;TL;Jun-30;SHREVEPORT;LA;351;HOUSTON;TX;0;\N;53;38856;25;A;95;242
LANDSTAR;469-570-7101;V;9:00+;TL;Jun-30;SHREVEPORT;LA;351;HOUSTON;TX;0;\N;53;38856;25;A;95;242
LANDSTAR;469-570-7101;V;9:00+;TL;Jun-30;SHREVEPORT;LA;351;HOUSTON;TX;0;\N;53;38856;25;A;95;242
GEN FREI;972-802-0935;V;9:00+;TL;Jun-30;DALLAS;TX;254;HOUSTON;TX;0;600;\N;\N;22;A;94;240
SPOT FRE;317-643-6588;V;9:00+;TL;Jun-30;FORT WORTH;TX;239;HOUSTON;TX;0;\N;\N;44193;22;A;102;261
R2 LOGIS;614-899-6350;V;9:00+;TL;Jun-30;CHINA;TX;254;HUMBLE;TX;21;\N;\N;\N;39;A;31;75
RYAN TRA;888-492-3626;V;9:00+;TL;Jun-30;DALLAS;TX;254;HOUSTON;TX;0;\N;\N;20000;15;A;94;240
ODW LTS;800-978-3168;VR;9:00+;TL;Jun-30;LA PORTE;TX;209;SWEENY;TX;62;375;\N;\N;27;A;37;94
ROUTE TR;941-755-8727;V;9:00+;TL;Jun-30;TEMPLE;TX;133;HOUSTON;TX;0;\N;\N;30000;20;A;67;167
PLS LOGI;813-518-4918;V;9:00+;TL;Jun-30;DALLAS;TX;251;STAFFORD;TX;14;\N;\N;\N;36*;A;101;258
JAS LOGI;210-451-7709;VR;9:00+;TL;Jun-30;DALLAS;TX;254;HOUSTON;TX;0;\N;\N;44000;29;A;94;240
MJN SERV;281-760-9822;V;9:00+;TL;Jun-30;ANGLETON;TX;186;HOUSTON;TX;0;335;31;4900;17;A;21;54
MJN SERV;281-760-9822;V;9:00+;TL;Jun-30;ANGLETON;TX;186;HOUSTON;TX;0;400;31;4900;17;A;21;54
DJM LOGI;773-649-3286;V;9:00+;TL;Jun-30;MISSOURI CITY;TX;180;ROSENBERG;TX;30;300;53;44049;30;A;7;18
DJM LOGI;773-649-3286;V;9:00+;TL;Jun-30;MISSOURI CITY;TX;180;ROSENBERG;TX;30;300;53;44049;30;A;7;18
DJM LOGI;773-649-3286;V;9:00+;TL;Jun-30;MISSOURI CITY;TX;180;ROSENBERG;TX;30;300;53;44049;30;A;7;18
DJM LOGI;773-649-3286;V;9:00+;TL;Jun-30;MISSOURI CITY;TX;180;ROSENBERG;TX;30;300;53;44049;30;A;7;18
DJM LOGI;773-649-3286;V;9:00+;TL;Jun-30;MISSOURI CITY;TX;180;ROSENBERG;TX;30;400;53;44049;30;A;7;18
DJM LOGI;773-649-3286;V;9:00+;TL;Jun-30;MISSOURI CITY;TX;180;ROSENBERG;TX;30;400;53;44049;30;A;7;18
DJM LOGI;773-649-3286;V;9:00+;TL;Jun-30;MISSOURI CITY;TX;180;ROSENBERG;TX;30;400;53;44049;30;A;7;18
DJM LOGI;773-649-3286;V;9:00+;TL;Jun-30;MISSOURI CITY;TX;180;ROSENBERG;TX;30;500;53;44049;30;A;7;18
AMERICAN;716-337-5000;V;9:00+;TL;Jun-30;LAREDO;TX;147;HOUSTON;TX;0;900;\N;42000;23;A;131;350
US CARGO;888-552-5623;V;9:00+;TL;Jun-30;DALLAS;TX;254;HOUSTON;TX;0;\N;\N;30000;25;B;94;240
ARPCO TR;817-756-1851;VR;9:00+;TL;Jun-30;DALLAS;TX;254;HOUSTON;TX;0;650;\N;\N;16;A;94;240
BROWN LO;770-344-0137;VR;9:00+;TL;Jun-30;HOUSTON;TX;188;BROOKSHIRE;TX;35;\N;\N;\N;21;A;15;37
BROWN LO;770-344-0137;VR;9:00+;TL;Jun-30;HOUSTON;TX;188;BROOKSHIRE;TX;35;\N;53;44000;21;A;15;37
AMINO TR;469-430-0499;V;9:00+;TL;Jun-30;TYLER;TX;276;HOUSTON;TX;0;\N;\N;18000;23*;A;86;220
KNIGHT -;800-477-8025;V;9:00+;TL;Jun-30;LAREDO;TX;148;HOUSTON;TX;0;825;53;44000;23;A;131;350
KNIGHT -;800-477-8025;V;9:00+;TL;Jun-30;LAREDO;TX;148;HOUSTON;TX;0;800;53;44000;23;A;131;350
SUNRAY L;404-902-6262;V;9:00+;TL;Jun-30;DALLAS;TX;254;HOUSTON;TX;0;\N;53;10150;30;N;94;240
DIRECT C;317-218-7777;V;9:00+;TL;Jun-30;DALLAS;TX;254;HOUSTON;TX;0;\N;53;41637;35*;B;94;240
TRAFFIC;877-789-8813;V;9:00+;TL;Jun-30;ARDMORE;OK;334;HOUSTON;TX;0;\N;\N;15000;25;A;134;347
TRAFFIC;877-789-8813;VR;9:00+;TL;Jun-30;FORT WORTH;TX;239;HOUSTON;TX;0;\N;\N;25000;25;A;102;261
TRAFFIC;877-789-8813;VR;9:00+;TL;Jun-30;FORT WORTH;TX;239;HOUSTON;TX;0;\N;\N;42000;25;A;102;261
TRAFFIC;877-789-8813;VR;9:00+;TL;Jun-30;FORT WORTH;TX;239;HOUSTON;TX;0;\N;\N;42000;25;A;102;261
C H ROBI;833-428-5247;V;9:00+;TL;Jun-30;FORT WORTH;TX;239;HOUSTON;TX;0;\N;53;28954;14;A;102;261
C H ROBI;833-428-5247;V;9:00+;TL;Jun-30;FORT WORTH;TX;239;HOUSTON;TX;0;\N;53;38000;14;A;102;261
VELOCITY;469-324-1034;V;9:00+;TL;Jun-30;DALLAS;TX;254;HOUSTON;TX;0;600;\N;15000;26;A;94;240
SMARTWAY;816-398-7818;V;9:00+;TL;Jun-30;ARDMORE;OK;334;KATY;TX;22;650;\N;42159;7;A;146;368
LOGISTIC;214-770-3118;V;9:00+;TL;Jun-30;CARROLLTON;TX;265;HOUSTON;TX;0;\N;53;23000;22;A;99;255
US LOGIS;928-726-7979;V;9:00+;TL;Jun-30;DALLAS;TX;254;HOUSTON;TX;0;\N;\N;\N;16;A;94;240
US LOGIS;928-726-7979;V;9:00+;TL;Jun-30;ROANOKE;TX;256;HOUSTON;TX;0;\N;\N;\N;16;A;105;270
US LOGIS;928-726-7979;V;9:00+;TL;Jun-30;ROANOKE;TX;256;HOUSTON;TX;0;\N;53;40000;16;A;105;270
VELOCITY;469-501-6233;V;9:00+;TL;Jun-30;DALLAS;TX;254;HOUSTON;TX;0;700;\N;10000;26;A;94;240
C H ROBI;833-428-5247;V;9:00+;TL;Jun-30;ARLINGTON;TX;242;WALLER;TX;40;\N;53;44000;14;A;92;236
C H ROBI;833-428-5247;VR;9:00+;TL;Jun-30;LAREDO;TX;147;DAYTON;TX;40;\N;48;44000;14;A;151;386
C H ROBI;833-428-5247;V;9:00+;TL;Jun-30;GROESBECK;TX;185;PASADENA;TX;13;\N;53;575;14;A;67;172
C H ROBI;833-428-5247;VZZ;9:00+;TL;Jun-30;FREEPORT;TX;193;PASADENA;TX;13;\N;53;41430;14;A;36;79
C H ROBI;833-428-5247;VR;9:00+;TL;Jun-30;LAREDO;TX;147;HOUSTON;TX;0;\N;53;24000;14;A;131;350
C H ROBI;833-428-5247;V;9:00+;TL;Jun-30;NACOGDOCHES;TX;273;HOUSTON;TX;0;\N;53;10000;14;A;55;140
C H ROBI;833-428-5247;V;9:00+;TL;Jun-30;NACOGDOCHES;TX;273;HOUSTON;TX;0;\N;53;40976;14;A;55;140
C H ROBI;833-428-5247;V;9:00+;TL;Jun-30;LEWISVILLE;TX;265;HOUSTON;TX;0;\N;53;27234;14;A;101;262
C H ROBI;833-428-5247;V;9:00+;TL;Jun-30;LOVING;NM;385;DAYTON;TX;40;\N;48;41220;14;A;255;669
AXLE LOG;800-693-1779;V;9:00+;TL;Jun-30;DEER PARK;TX;205;PASADENA;TX;13;\N;\N;40000;24;A;3;7
DIRECT C;855-266-6323;V;9:00+;TL;Jun-30;EAGLE PASS;TX;131;HOUSTON;TX;0;2350;\N;40000;25;A;125;337
LUMPY LO;214-478-8202;FVR;9:00+;TL;Jun-30;PARIS;TX;339;CLEVELAND;TX;48;\N;\N;43000;24;A;105;264
M2 LOGIS;713-223-3200;V;9:00+;TL;Jun-30;COPPELL;TX;255;HOUSTON;TX;0;\N;53;44000;25;A;101;261
C H ROBI;833-428-5247;VR;9:00+;TL;Jun-30;WICHITA FALLS;TX;306;HOUSTON;TX;0;\N;53;25000;14;A;148;375
TTS LLC;972-924-9919;V;9:00+;TL;Jun-30;HUTCHINS;TX;247;EAST BERNARD;TX;46;500;53;38000;27;B;107;275
TTS LLC;972-924-9919;V;9:00+;TL;Jun-30;LAREDO;TX;147;HOUSTON;TX;0;\N;53;43500;27;B;131;350
TTS LLC;972-924-9919;V;9:00+;TL;Jun-30;LAREDO;TX;147;HOUSTON;TX;0;\N;53;43500;27;B;131;350
BROWN TR;580-244-3738;V;9:00+;TL;Jun-30;DALLAS;TX;254;HOUSTON;TX;0;700;53;12000;22;A;94;240
ARMSTRON;844-239-0264;VR;9:00+;TL;Jun-30;ABILENE;TX;219;HUNTSVILLE;TX;69;\N;53;43000;27;A;131;340
ARMSTRON;844-239-0264;VR;9:00+;TL;Jun-30;ABILENE;TX;219;HUNTSVILLE;TX;69;\N;53;43000;27;A;131;340
ARMSTRON;844-239-0264;VR;9:00+;TL;Jun-30;ABILENE;TX;219;HUNTSVILLE;TX;69;\N;53;43000;27;A;131;340
ARMSTRON;844-239-0264;VR;9:00+;TL;Jun-30;ABILENE;TX;219;HUNTSVILLE;TX;69;\N;53;43000;27;A;131;340
ARMSTRON;844-239-0264;VR;9:00+;TL;Jun-30;ABILENE;TX;219;HUNTSVILLE;TX;69;\N;53;43000;27;A;131;340
ARMSTRON;844-239-0264;VR;9:00+;TL;Jun-30;ABILENE;TX;219;HUNTSVILLE;TX;69;\N;53;43000;27;A;131;340
ARMSTRON;844-239-0264;VR;9:00+;TL;Jun-30;ABILENE;TX;219;HUNTSVILLE;TX;69;\N;53;43000;27;A;131;340
ARMSTRON;844-239-0264;VR;9:00+;TL;Jun-30;ABILENE;TX;219;HUNTSVILLE;TX;69;\N;53;43000;27;A;131;340
ARMSTRON;844-239-0264;VR;9:00+;TL;Jun-30;ABILENE;TX;219;HUNTSVILLE;TX;69;\N;53;43000;27;A;131;340
ARMSTRON;844-239-0264;VR;9:00+;TL;Jun-30;ABILENE;TX;219;HUNTSVILLE;TX;69;\N;53;43000;27;A;131;340
ARMSTRON;844-239-0264;VR;9:00+;TL;Jun-30;ABILENE;TX;219;HUNTSVILLE;TX;69;\N;53;43000;27;A;131;340
ARMSTRON;844-239-0264;VR;9:00+;TL;Jun-30;ABILENE;TX;219;HUNTSVILLE;TX;69;\N;53;43000;27;A;131;340
ARMSTRON;844-239-0264;VR;9:00+;TL;Jun-30;ABILENE;TX;219;HUNTSVILLE;TX;69;\N;53;43000;27;A;131;340
ARMSTRON;844-239-0264;VR;9:00+;TL;Jun-30;ABILENE;TX;219;HUNTSVILLE;TX;69;\N;53;43000;27;A;131;340
ARMSTRON;844-239-0264;VR;9:00+;TL;Jun-30;ABILENE;TX;219;HUNTSVILLE;TX;69;\N;53;43000;27;A;131;340
ARMSTRON;844-239-0264;VR;9:00+;TL;Jun-30;ABILENE;TX;219;HUNTSVILLE;TX;69;\N;53;43000;27;A;131;340
ARMSTRON;844-239-0264;VR;9:00+;TL;Jun-30;ABILENE;TX;219;HUNTSVILLE;TX;69;\N;53;43000;27;A;131;340
ARMSTRON;844-239-0264;VR;9:00+;TL;Jun-30;ABILENE;TX;219;HUNTSVILLE;TX;69;\N;53;43000;27;A;131;340
ARMSTRON;844-239-0264;VR;9:00+;TL;Jun-30;ABILENE;TX;219;HUNTSVILLE;TX;69;\N;53;43000;27;A;131;340
ARMSTRON;844-239-0264;VR;9:00+;TL;Jun-30;ABILENE;TX;219;HUNTSVILLE;TX;69;\N;53;43000;27;A;131;340
ARMSTRON;844-239-0264;VR;9:00+;TL;Jun-30;ABILENE;TX;219;HUNTSVILLE;TX;69;\N;53;43000;27;A;131;340
ARMSTRON;844-239-0264;VR;9:00+;TL;Jun-30;ABILENE;TX;219;HUNTSVILLE;TX;69;\N;53;43000;27;A;131;340
ARMSTRON;844-239-0264;VR;9:00+;TL;Jun-30;ABILENE;TX;219;HUNTSVILLE;TX;69;\N;53;43000;27;A;131;340
ARMSTRON;844-239-0264;VR;9:00+;TL;Jun-30;RANGER;TX;208;HOUSTON;TX;0;\N;53;43000;27;A;136;343
ARMSTRON;844-239-0264;VR;9:00+;TL;Jun-30;SNYDER;TX;268;HOUSTON;TX;0;\N;53;43000;27;A;203;488
PIONEER;786-306-2285;V;9:00+;TL;Jun-30;COPPELL;TX;255;HOUSTON;TX;0;\N;\N;14259;17;A;101;261
D & L TR;901-355-0330;V;9:00+;TL;Jun-30;TEXARKANA;AR;381;HOUSTON;TX;0;700;53;43000;28;A;115;299
TTS LLC;817-728-5525;V;9:00+;TL;Jun-30;IRVING;TX;256;HOUSTON;TX;0;\N;53;30000;27;B;97;250
TTS LLC;817-728-5525;V;9:00+;TL;Jun-30;DALLAS;TX;254;SPRING;TX;24;600;\N;\N;27;B;84;218
TTS LLC;817-728-5525;V;9:00+;TL;Jun-30;FORT WORTH;TX;239;HOUSTON;TX;0;\N;53;30000;27;B;102;261
TTS LLC;817-728-5525;V;9:00+;TL;Jun-30;FORT WORTH;TX;239;HOUSTON;TX;0;\N;53;30000;27;B;102;261
TTS LLC;817-728-5525;V;9:00+;TL;Jun-30;FORT WORTH;TX;239;HOUSTON;TX;0;\N;\N;\N;27;B;102;261
TTS LLC;817-728-5525;V;9:00+;TL;Jun-30;FORT WORTH;TX;239;HOUSTON;TX;0;\N;53;30000;27;B;102;261
TTS LLC;817-728-5525;V;9:00+;TL;Jun-30;MANSFIELD;TX;230;SPRING;TX;24;550;53;39550;27;B;85;220
ALLEN LU;800-730-5863;VR;9:00+;TL;Jun-30;GRAND PRAIRIE;TX;244;HOUSTON;TX;0;\N;48;42880;34;A;97;251
ALLEN LU;800-552-5863;V;9:00+;TL;Jun-30;LAREDO;TX;147;HOUSTON;TX;0;\N;53;40700;34;A;131;350
ALLEN LU;800-552-5863;V;9:00+;TL;Jun-30;LAREDO;TX;147;HOUSTON;TX;0;\N;53;41000;34;A;131;350
ALLEN LU;800-953-5863;VR;9:00+;TL;Jun-30;LAREDO;TX;147;BROOKSHIRE;TX;35;\N;53;44000;34;A;118;314
ALLEN LU;800-953-5863;VR;9:00+;TL;Jun-30;LAREDO;TX;147;BROOKSHIRE;TX;35;\N;53;44000;34;A;118;314
ALLEN LU;800-953-5863;VR;9:00+;TL;Jun-30;LAREDO;TX;147;HOUSTON;TX;0;\N;53;44000;34;A;131;350
ALLEN LU;800-990-5863;VR;9:00+;TL;Jun-30;LAREDO;TX;147;BROOKSHIRE;TX;35;\N;53;44500;34;A;118;314
ALLEN LU;800-990-5863;VR;9:00+;TL;Jun-30;LAREDO;TX;147;BROOKSHIRE;TX;35;\N;53;44500;34;A;118;314
ALLEN LU;800-990-5863;VR;9:00+;TL;Jun-30;LAREDO;TX;147;HOUSTON;TX;0;\N;53;42000;34;A;131;350
ALLEN LU;800-990-5863;VR;9:00+;TL;Jun-30;LAREDO;TX;147;LA PORTE;TX;25;\N;53;42000;34;A;150;375
ADDISON;800-345-4119;V;9:00+;TL;Jun-30;MCKINNEY;TX;285;HOUSTON;TX;0;\N;\N;\N;15;A;104;270
FREIGHT;713-926-3673;V;9:00+;TL;Jun-30;GEORGETOWN;TX;95;ALVIN;TX;27;600;\N;44000;32;A;79;203
CORNERST;866-420-4388;V;9:00+;TL;Jun-30;LEWISVILLE;TX;265;PASADENA;TX;13;\N;53;14925;28;A;107;276
ADDISON;800-345-4119;V;9:00+;TL;Jun-30;BAYTOWN;TX;213;WEBSTER;TX;23;\N;\N;\N;15;A;14;34
ADDISON;800-345-4119;V;9:00+;TL;Jun-30;FORT WORTH;TX;239;HOUSTON;TX;0;\N;\N;\N;15;A;102;261
ALLEN LU;800-456-5863;VR;9:00+;TL;Jun-30;LAREDO;TX;147;HOUSTON;TX;0;\N;48;43000;34;A;131;350
ALLEN LU;800-456-5863;VR;9:00+;TL;Jun-30;LAREDO;TX;147;HOUSTON;TX;0;\N;48;43800;34;A;131;350
AUSTIN F;512-444-9988;V;9:00+;TL;Jun-30;AUSTIN;TX;72;BROOKSHIRE;TX;35;600;\N;\N;22;A;58;153
AUSTIN F;512-444-9988;V;9:00+;TL;Jun-30;AUSTIN;TX;72;HOUSTON;TX;0;600;\N;\N;22;A;62;162
M2 LOGIS;713-223-3200;V;9:00+;TL;Jun-30;DALLAS;TX;254;JERSEY VILLAGE;TX;12;600;\N;40000;25;A;94;241
KING OF;316-530-8347;V;9:00+;TL;Jun-30;PASADENA;TX;199;HOUSTON;TX;0;250;\N;43000;27;A;7;15
REED TRA;813-369-6500;V;9:00+;TL;Jun-30;MISSOURI CITY;TX;180;HOUSTON;TX;0;\N;53;47386;32;A;7;17
REED TRA;813-369-6500;V;9:00+;TL;Jun-30;MISSOURI CITY;TX;180;PEARLAND;TX;18;\N;53;45600;32;A;8;18
REED TRA;813-369-6500;V;9:00+;TL;Jun-30;MISSOURI CITY;TX;180;SUGAR LAND;TX;17;\N;53;48063;32;A;0;6
REED TRA;813-369-6500;V;9:00+;TL;Jun-30;MISSOURI CITY;TX;180;WEBSTER;TX;23;\N;53;54583;32;A;12;29
REED TRA;813-369-6500;V;9:00+;TL;Jun-30;FORT WORTH;TX;239;HOUSTON;TX;0;725;53;44209;32;A;102;261
REED TRA;813-369-6500;V;9:00+;TL;Jun-30;FORT WORTH;TX;239;HOUSTON;TX;0;\N;53;44209;32;A;102;261
ROAR LOG;716-775-6208;V;9:00+;TL;Jun-30;DALLAS;TX;254;HOUSTON;TX;0;\N;53;6680;19;A;94;240
ROAR LOG;716-775-6208;V;9:00+;TL;Jun-30;FORT WORTH;TX;239;HOUSTON;TX;0;\N;53;7290;19;A;102;261
XPO LOGI;334-239-3300;V;9:00+;TL;Jun-30;MC QUEENEY;TX;29;NEW CANEY;TX;32;\N;53;9482;26;A;75;193
M2 LOGIS;713-223-3200;V;9:00+;TL;Jun-30;DALLAS;TX;254;HOUSTON;TX;0;\N;\N;\N;25;A;94;240
ST FREIG;786-272-9791;V;9:00+;TL;Jun-30;LAREDO;TX;147;BROOKSHIRE;TX;35;\N;\N;\N;11;A;118;314
ARMSTRON;956-997-6208;VR;9:00+;TL;Jun-30;SAN ANTONIO;TX;0;HOUSTON;TX;0;600;48;\N;27;A;73;196
ARMSTRON;956-997-6208;VR;9:00+;TL;Jun-30;SAN ANTONIO;TX;0;HOUSTON;TX;0;600;48;\N;27;A;73;196
ARMSTRON;956-997-6208;VR;9:00+;TL;Jun-30;SAN ANTONIO;TX;0;HOUSTON;TX;0;700;48;\N;27;A;73;196
GLOBALTR;877-772-0256;V;9:00+;TL;Jun-30;ARLINGTON;TX;242;HOUSTON;TX;0;1000;53;8995;29;A;99;256
GLOBALTR;877-772-0256;V;9:00+;TL;Jun-30;ARLINGTON;TX;242;HOUSTON;TX;0;550;\N;8995;29;A;99;256
GLOBALTR;877-772-0256;V;9:00+;TL;Jun-30;ARLINGTON;TX;242;HOUSTON;TX;0;825;53;8995;29;A;99;256
MAYA INT;281-272-2474;V;9:00+;TL;Jun-30;GARLAND;TX;264;HOUSTON;TX;0;750;53;18000;37;A;97;251
SCOTT LO;256-273-7299;V;9:00+;TL;Jun-30;CROCKETT;TX;222;HOUSTON;TX;0;\N;53;40000;23;A;45;116
ELFS BRO;817-416-8652;VR;9:00+;TL;Jun-30;DALLAS;TX;254;HOUSTON;TX;0;700;\N;\N;24;A;94;240
BEEMAC L;724-213-7680;V;9:00+;TL;Jun-30;LAREDO;TX;147;HOUSTON;TX;0;900;\N;44000;37;A;131;350
BEEMAC L;724-213-7680;V;9:00+;TL;Jun-30;LAREDO;TX;147;HOUSTON;TX;0;900;\N;44000;37;A;131;350
WJW ASSO;469-481-2802;V;9:00+;TL;Jun-30;FORT WORTH;TX;239;HOUSTON;TX;0;\N;\N;43225;31;A;102;261
BEEMAC L;724-213-7680;V;9:00+;TL;Jun-30;LAREDO;TX;147;HOUSTON;TX;0;700;\N;44000;37;A;131;350
BEEMAC L;724-213-7680;V;9:00+;TL;Jun-30;LAREDO;TX;147;HOUSTON;TX;0;800;\N;44000;37;A;131;350
BEEMAC L;724-213-7680;V;9:00+;TL;Jun-30;LAREDO;TX;147;HOUSTON;TX;0;800;\N;44000;37;A;131;350
DUPRE LO;479-426-8204;V;9:00+;TL;Jun-30;DALLAS;TX;254;LA PORTE;TX;25;\N;\N;\N;22;A;103;265
SUNTECK;956-242-4646;VA;9:00+;PTL;Jun-30;LAREDO;TX;147;HOUSTON;TX;0;\N;\N;11400;27;A;131;350
JHT LOGI;903-229-2334;V;9:00+;TL;Jun-30;COMFORT;TX;42;HOUSTON;TX;0;\N;\N;\N;6;A;91;245
LANDSTAR;830-239-5500;V;9:00+;TL;Jun-30;DALLAS;TX;254;HOUSTON;TX;0;\N;53;40000;25;A;94;240
LANDSTAR;346-330-2444;V;9:00+;TL;Jun-30;LAREDO;TX;147;HOUSTON;TX;0;\N;53;22000;25;A;131;350
LANDSTAR;346-330-2444;V;9:00+;TL;Jun-30;LAREDO;TX;147;HOUSTON;TX;0;\N;53;22000;25;A;131;350
LANDSTAR;346-330-2444;V;9:00+;TL;Jun-30;LAREDO;TX;147;HOUSTON;TX;0;\N;53;22000;25;A;131;350
LANDSTAR;346-330-2444;V;9:00+;TL;Jun-30;LAREDO;TX;147;HOUSTON;TX;0;\N;53;40000;25;A;131;350
LANDSTAR;346-330-2444;V;9:00+;TL;Jun-30;LAREDO;TX;147;HOUSTON;TX;0;\N;53;40000;25;A;131;350
LANDSTAR;346-330-2444;V;9:00+;TL;Jun-30;LAREDO;TX;147;HOUSTON;TX;0;\N;53;40000;25;A;131;350
TA SERVI;205-702-6809;V;9:00+;TL;Jun-30;FREEPORT;TX;193;HOUSTON;TX;0;\N;\N;42500;12;A;28;73
MEADOW L;406-281-8961;V;9:00+;TL;Jun-30;AZLE;TX;244;THE WOODLANDS;TX;24;700;\N;24602;35;A;102;259
MEADOW L;406-281-8963;V;9:00+;TL;Jun-30;MINERAL WELLS;TX;232;BAYTOWN;TX;29;500;53;20800;35;A;128;329
TREK TRA;517-629-2386;V;9:00+;TL;Jun-30;FAIRFIELD;TX;209;CHANNELVIEW;TX;18;400;53;15000;20;A;65;166
TREK TRA;517-629-2386;V;9:00+;TL;Jun-30;FAIRFIELD;TX;209;CHANNELVIEW;TX;18;400;53;15000;20;A;65;166
COMPASS;281-825-5039;V;9:00+;TL;Jun-30;BROWNSVILLE;TX;248;CONROE;TX;39;1100;53;43000;32;A;158;392
COYOTE L;773-799-2118;V;9:00+;TL;Jun-30;DENTON;TX;274;HOUSTON;TX;0;\N;53;29636;21;A;108;278
COYOTE L;773-799-2118;V;9:00+;TL;Jun-30;CHANNELVIEW;TX;205;HOUSTON;TX;0;\N;53;34608;21;A;10;24
COMPASS;281-825-5039;V;9:00+;TL;Jun-30;HOUSTON;TX;188;HOUSTON;TX;0;275;53;25000;32;A;0;0
MCLEOD L;855-241-3100;V;9:00+;TL;Jun-30;PINEVILLE;LA;386;DAYTON;TX;40;500;\N;38816;27;A;83;206
COYOTE L;773-799-2118;V;9:00+;TL;Jun-30;DENTON;TX;274;HOUSTON;TX;0;600;53;29636;21;A;108;278
COYOTE L;773-799-2118;V;9:00+;TL;Jun-30;DENTON;TX;274;HOUSTON;TX;0;650;53;29636;21;A;108;278
COYOTE L;773-799-2118;V;9:00+;TL;Jun-30;FORT WORTH;TX;239;NORTH HOUSTON;TX;14;\N;53;15246;21;A;101;256
TOTAL QU;800-580-3101;VR;9:00+;TL;Jun-30;FORT WORTH;TX;239;CONROE;TX;39;\N;53;\N;19;A;89;223
TOTAL QU;800-580-3101;VR;9:00+;TL;Jun-30;FORT WORTH;TX;239;CONROE;TX;39;\N;53;5000;19;A;89;223
TOTAL QU;800-580-3101;VR;9:00+;TL;Jun-30;FORT WORTH;TX;239;DAYTON;TX;40;\N;48;42000;19;A;115;291
TOTAL QU;800-580-3101;VR;9:00+;TL;Jun-30;FORT WORTH;TX;239;DAYTON;TX;40;\N;48;42000;19;A;115;291
TOTAL QU;800-580-3101;VR;9:00+;TL;Jun-30;FORT WORTH;TX;239;DAYTON;TX;40;\N;48;42000;19;A;115;291
TOTAL QU;800-580-3101;VR;9:00+;TL;Jun-30;FORT WORTH;TX;239;DAYTON;TX;40;\N;48;42000;19;A;115;291
TOTAL QU;800-580-3101;VR;9:00+;TL;Jun-30;FORT WORTH;TX;239;DAYTON;TX;40;\N;48;42000;19;A;115;291
TOTAL QU;800-580-3101;VR;9:00+;TL;Jun-30;FORT WORTH;TX;239;DAYTON;TX;40;\N;48;42000;19;A;115;291
TOTAL QU;800-580-3101;VR;9:00+;TL;Jun-30;FORT WORTH;TX;239;DAYTON;TX;40;\N;48;42000;19;A;115;291
TOTAL QU;800-580-3101;VR;9:00+;TL;Jun-30;FORT WORTH;TX;239;DAYTON;TX;40;\N;48;42000;19;A;115;291
TOTAL QU;800-580-3101;VR;9:00+;TL;Jun-30;FORT WORTH;TX;239;DAYTON;TX;40;\N;48;42000;19;A;115;291
TOTAL QU;800-580-3101;VR;9:00+;TL;Jun-30;FORT WORTH;TX;239;HEDWIG VILLAGE;TX;7;\N;53;5000;19;A;105;260
TOTAL QU;800-580-3101;VR;9:00+;TL;Jun-30;FORT WORTH;TX;239;HEMPSTEAD;TX;48;\N;53;5000;19;A;86;214
TOTAL QU;800-580-3101;VR;9:00+;TL;Jun-30;FORT WORTH;TX;239;HOUSTON;TX;0;\N;48;26000;19;A;102;261
TOTAL QU;800-580-3101;VR;9:00+;TL;Jun-30;FORT WORTH;TX;239;HOUSTON;TX;0;\N;48;42000;19;A;102;261
TOTAL QU;800-580-3101;VR;9:00+;TL;Jun-30;FORT WORTH;TX;239;HOUSTON;TX;0;\N;48;42000;19;A;102;261
TOTAL QU;800-580-3101;VR;9:00+;TL;Jun-30;FORT WORTH;TX;239;HOUSTON;TX;0;\N;48;44000;19;A;102;261
TOTAL QU;800-580-3101;VR;9:00+;TL;Jun-30;FORT WORTH;TX;239;PASADENA;TX;13;\N;48;26000;19;A;108;274
TOTAL QU;800-580-3101;VR;9:00+;TL;Jun-30;FORT WORTH;TX;239;PASADENA;TX;13;\N;48;26000;19;A;108;274
TOTAL QU;800-580-3101;VR;9:00+;TL;Jun-30;FORT WORTH;TX;239;PASADENA;TX;13;\N;48;44000;19;A;108;274
TOTAL QU;800-580-3101;VR;9:00+;TL;Jun-30;FORT WORTH;TX;239;PASADENA;TX;13;\N;48;44000;19;A;108;274
TOTAL QU;800-580-3101;VR;9:00+;TL;Jun-30;FORT WORTH;TX;239;PASADENA;TX;13;\N;48;44000;19;A;108;274
TOTAL QU;800-580-3101;VR;9:00+;TL;Jun-30;FORT WORTH;TX;239;PASADENA;TX;13;\N;48;44000;19;A;108;274
TOTAL QU;800-580-3101;VR;9:00+;TL;Jun-30;FORT WORTH;TX;239;PASADENA;TX;13;\N;48;44000;19;A;108;274
TOTAL QU;800-580-3101;VR;9:00+;TL;Jun-30;FORT WORTH;TX;239;PASADENA;TX;13;\N;48;44000;19;A;108;274
TOTAL QU;800-580-3101;VR;9:00+;TL;Jun-30;FORT WORTH;TX;239;PASADENA;TX;13;\N;48;44000;19;A;108;274
TOTAL QU;800-580-3101;VR;9:00+;TL;Jun-30;FORT WORTH;TX;239;PASADENA;TX;13;\N;48;44000;19;A;108;274
TOTAL QU;800-580-3101;VR;9:00+;TL;Jun-30;FORT WORTH;TX;239;PASADENA;TX;13;\N;48;44000;19;A;108;274
TOTAL QU;800-580-3101;VR;9:00+;TL;Jun-30;GRAPEVINE;TX;255;HOUSTON;TX;0;\N;48;30000;19;A;101;260
TOTAL QU;800-580-3101;VR;9:00+;TL;Jun-30;GRAPEVINE;TX;255;HOUSTON;TX;0;\N;48;30000;19;A;101;260
TOTAL QU;800-580-3101;VR;9:00+;TL;Jun-30;GRAND PRAIRIE;TX;244;HOUSTON;TX;0;\N;53;18000;19;A;97;251
TOTAL QU;800-580-3101;VR;9:00+;TL;Jun-30;GRAND PRAIRIE;TX;244;HOUSTON;TX;0;\N;53;18000;19;A;97;251
TOTAL QU;800-580-3101;VR;9:00+;TL;Jun-30;GRAND PRAIRIE;TX;244;HOUSTON;TX;0;\N;53;18000;19;A;97;251
TOTAL QU;800-580-3101;VR;9:00+;TL;Jun-30;GRAND PRAIRIE;TX;244;HOUSTON;TX;0;\N;53;18000;19;A;97;251
TOTAL QU;800-580-3101;VR;9:00+;TL;Jun-30;GRAND PRAIRIE;TX;244;HOUSTON;TX;0;\N;53;18000;19;A;97;251
TOTAL QU;800-580-3101;VR;9:00+;TL;Jun-30;GRAND PRAIRIE;TX;244;HOUSTON;TX;0;\N;53;18000;19;A;97;251
TOTAL QU;800-580-3101;VR;9:00+;TL;Jun-30;GRAND PRAIRIE;TX;244;HOUSTON;TX;0;\N;53;18000;19;A;97;251
TOTAL QU;800-580-3101;VR;9:00+;TL;Jun-30;GRAND PRAIRIE;TX;244;HOUSTON;TX;0;\N;53;18000;19;A;97;251
TOTAL QU;800-580-3101;VR;9:00+;TL;Jun-30;GRAND PRAIRIE;TX;244;HOUSTON;TX;0;\N;53;18000;19;A;97;251
TOTAL QU;800-580-3101;VR;9:00+;TL;Jun-30;GRAND PRAIRIE;TX;244;HOUSTON;TX;0;\N;53;18000;19;A;97;251
TOTAL QU;800-580-3101;VR;9:00+;TL;Jun-30;FRISCO;TX;274;RICHMOND;TX;26;\N;53;42000;19;A;114;295
TOTAL QU;800-580-3101;VR;9:00+;TL;Jun-30;FRISCO;TX;274;RICHMOND;TX;26;\N;53;42000;19;A;114;295
TOTAL QU;800-580-3101;VR;9:00+;TL;Jun-30;GARLAND;TX;264;HUMBLE;TX;21;\N;53;5000;19;A;97;250
TOTAL QU;800-580-3101;VR;9:00+;TL;Jun-30;FT WORTH;TX;239;HOUSTON;TX;0;\N;48;39000;19;A;103;261
TOTAL QU;800-580-3101;VR;9:00+;TL;Jun-30;FT WORTH;TX;239;HOUSTON;TX;0;\N;48;39000;19;A;103;261
TOTAL QU;800-580-3101;VR;9:00+;TL;Jun-30;FT WORTH;TX;239;HOUSTON;TX;0;\N;48;39000;19;A;103;261
TOTAL QU;800-580-3101;VR;9:00+;TL;Jun-30;GARLAND;TX;264;ALVIN;TX;27;\N;53;40000;19;A;109;282
TOTAL QU;800-580-3101;VR;9:00+;TL;Jun-30;GARLAND;TX;264;ALVIN;TX;27;\N;53;40000;19;A;109;282
TOTAL QU;800-580-3101;VR;9:00+;TL;Jun-30;GARLAND;TX;264;ALVIN;TX;27;\N;53;40000;19;A;109;282
TOTAL QU;800-580-3101;VR;9:00+;TL;Jun-30;GARLAND;TX;264;ALVIN;TX;27;\N;53;40000;19;A;109;282
TOTAL QU;800-580-3101;VR;9:00+;TL;Jun-30;GARLAND;TX;264;ALVIN;TX;27;\N;53;40000;19;A;109;282
TOTAL QU;800-580-3101;VR;9:00+;TL;Jun-30;GARLAND;TX;264;ALVIN;TX;27;\N;53;40000;19;A;109;282
TOTAL QU;800-580-3101;VR;9:00+;TL;Jun-30;GARLAND;TX;264;ALVIN;TX;27;\N;53;40000;19;A;109;282
TOTAL QU;800-580-3101;VR;9:00+;TL;Jun-30;HOUSTON;TX;188;BAYTOWN;TX;29;\N;53;43000;19;A;10;25
TOTAL QU;800-580-3101;VR;9:00+;TL;Jun-30;HOUSTON;TX;188;BAYTOWN;TX;29;\N;53;43000;19;A;10;25
TOTAL QU;800-580-3101;VR;9:00+;TL;Jun-30;HOUSTON;TX;188;BAYTOWN;TX;29;\N;53;43000;19;A;10;25
TOTAL QU;800-580-3101;VR;9:00+;TL;Jun-30;HOUSTON;TX;188;BAYTOWN;TX;29;\N;53;43000;19;A;10;25
TOTAL QU;800-580-3101;VR;9:00+;TL;Jun-30;HOUSTON;TX;188;BAYTOWN;TX;29;\N;53;43000;19;A;10;25
TOTAL QU;800-580-3101;VR;9:00+;TL;Jun-30;HOUSTON;TX;188;BAYTOWN;TX;29;\N;53;43000;19;A;10;25
TOTAL QU;800-580-3101;VR;9:00+;TL;Jun-30;HOUSTON;TX;188;BAYTOWN;TX;29;\N;53;43000;19;A;10;25
TOTAL QU;800-580-3101;VR;9:00+;TL;Jun-30;HOUSTON;TX;188;BAYTOWN;TX;29;\N;53;43000;19;A;10;25
TOTAL QU;800-580-3101;V;9:00+;TL;Jun-30;HOUSTON;TX;188;BAYTOWN;TX;29;\N;53;42000;19;A;10;25
TOTAL QU;800-580-3101;V;9:00+;TL;Jun-30;GUADALUPE;TX;107;HOUSTON;TX;0;\N;53;\N;19;A;53;131
TOTAL QU;800-580-3101;VR;9:00+;TL;Jun-30;HALTOM CITY;TX;242;TOMBALL;TX;30;\N;48;42000;19;A;98;249
TOTAL QU;800-580-3101;VR;9:00+;TL;Jun-30;HIDALGO;TX;233;HOUSTON;TX;0;\N;48;\N;19;A;149;371
TOTAL QU;800-580-3101;VR;9:00+;TL;Jun-30;HOUSTON;TX;188;LA PORTE;TX;25;\N;53;43000;19;A;11;27
TOTAL QU;800-580-3101;VR;9:00+;TL;Jun-30;HOUSTON;TX;188;LA PORTE;TX;25;\N;53;43000;19;A;11;27
TOTAL QU;800-580-3101;VR;9:00+;TL;Jun-30;HOUSTON;TX;188;LA PORTE;TX;25;\N;53;43000;19;A;11;27
TOTAL QU;800-580-3101;VR;9:00+;TL;Jun-30;HOUSTON;TX;188;LA PORTE;TX;25;\N;53;43000;19;A;11;27
TOTAL QU;800-580-3101;VR;9:00+;TL;Jun-30;HOUSTON;TX;188;LA PORTE;TX;25;\N;53;43000;19;A;11;27
TOTAL QU;800-580-3101;VR;9:00+;TL;Jun-30;HOUSTON;TX;188;LA PORTE;TX;25;\N;53;43000;19;A;11;27
TOTAL QU;800-580-3101;VR;9:00+;TL;Jun-30;HOUSTON;TX;188;LA PORTE;TX;25;\N;53;43000;19;A;11;27
TOTAL QU;800-580-3101;VR;9:00+;TL;Jun-30;HOUSTON;TX;188;LA PORTE;TX;25;\N;53;43000;19;A;11;27
TOTAL QU;800-580-3101;VR;9:00+;TL;Jun-30;HOUSTON;TX;188;LA PORTE;TX;25;\N;53;43000;19;A;11;27
TOTAL QU;800-580-3101;V;9:00+;TL;Jun-30;HOUSTON;TX;188;HOUSTON;TX;0;\N;53;\N;19;A;0;0
TOTAL QU;800-580-3101;V;9:00+;TL;Jun-30;HOUSTON;TX;188;HOUSTON;TX;0;\N;53;\N;19;A;0;0
TOTAL QU;800-580-3101;V;9:00+;TL;Jun-30;HOUSTON;TX;188;HOUSTON;TX;0;\N;53;\N;19;A;0;0
TOTAL QU;800-580-3101;V;9:00+;TL;Jun-30;HOUSTON;TX;188;HOUSTON;TX;0;\N;53;\N;19;A;0;0
TOTAL QU;800-580-3101;V;9:00+;TL;Jun-30;HOUSTON;TX;188;HOUSTON;TX;0;\N;53;\N;19;A;0;0
TOTAL QU;800-580-3101;V;9:00+;TL;Jun-30;HOUSTON;TX;188;HOUSTON;TX;0;\N;53;\N;19;A;0;0
TOTAL QU;800-580-3101;V;9:00+;TL;Jun-30;HOUSTON;TX;188;HOUSTON;TX;0;\N;53;20000;19;A;0;0
TOTAL QU;800-580-3101;V;9:00+;TL;Jun-30;HOUSTON;TX;198;HOUSTON;TX;0;\N;48;30000;19;A;0;0
TOTAL QU;800-580-3101;V;9:00+;TL;Jun-30;HOUSTON;TX;188;HOUSTON;TX;0;\N;48;30000;19;A;0;0
TOTAL QU;800-580-3101;V;9:00+;TL;Jun-30;HOUSTON;TX;188;HOUSTON;TX;0;\N;48;30000;19;A;0;0
TOTAL QU;800-580-3101;V;9:00+;TL;Jun-30;HOUSTON;TX;188;HOUSTON;TX;0;\N;48;30000;19;A;0;0
TOTAL QU;800-580-3101;V;9:00+;TL;Jun-30;HOUSTON;TX;188;HOUSTON;TX;0;\N;48;30000;19;A;0;0
TOTAL QU;800-580-3101;V;9:00+;TL;Jun-30;HOUSTON;TX;188;HOUSTON;TX;0;\N;48;30000;19;A;0;0
TOTAL QU;800-580-3101;V;9:00+;TL;Jun-30;HOUSTON;TX;188;HOUSTON;TX;0;\N;48;30000;19;A;0;0
TOTAL QU;800-580-3101;V;9:00+;TL;Jun-30;HOUSTON;TX;188;HOUSTON;TX;0;\N;48;30000;19;A;0;0
TOTAL QU;800-580-3101;V;9:00+;TL;Jun-30;HOUSTON;TX;188;HOUSTON;TX;0;\N;48;30000;19;A;0;0
TOTAL QU;800-580-3101;V;9:00+;TL;Jun-30;HOUSTON;TX;188;HOUSTON;TX;0;\N;48;30000;19;A;0;0
TOTAL QU;800-580-3101;V;9:00+;TL;Jun-30;HOUSTON;TX;188;HOUSTON;TX;0;\N;53;42000;19;A;0;0
TOTAL QU;800-580-3101;V;9:00+;TL;Jun-30;HOUSTON;TX;188;HOUSTON;TX;0;\N;48;42000;19;A;0;0
TOTAL QU;800-580-3101;VR;9:00+;TL;Jun-30;DURANT;OK;333;HOUSTON;TX;0;\N;53;42000;19;A;128;332
TOTAL QU;800-580-3101;VR;9:00+;TL;Jun-30;DURANT;OK;333;HOUSTON;TX;0;\N;53;42000;19;A;128;332
TOTAL QU;800-580-3101;VR;9:00+;TL;Jun-30;DURANT;OK;333;HOUSTON;TX;0;\N;53;42000;19;A;128;332
TOTAL QU;800-580-3101;VR;9:00+;TL;Jun-30;LAREDO;TX;147;HOUSTON;TX;0;\N;48;43000;19;A;131;350
TOTAL QU;800-580-3101;VR;9:00+;TL;Jun-30;LAREDO;TX;147;HOUSTON;TX;0;\N;48;43000;19;A;131;350
TOTAL QU;800-580-3101;V;9:00+;TL;Jun-30;LAREDO;TX;147;HOUSTON;TX;0;\N;53;35000;19;A;131;350
TOTAL QU;800-580-3101;V;9:00+;TL;Jun-30;LAREDO;TX;147;HOUSTON;TX;0;\N;53;37000;19;A;131;350
TOTAL QU;800-580-3101;V;9:00+;TL;Jun-30;LAREDO;TX;147;HOUSTON;TX;0;\N;48;40000;19;A;131;350
TOTAL QU;800-580-3101;V;9:00+;TL;Jun-30;LAREDO;TX;147;HOUSTON;TX;0;\N;53;7000;19;A;131;350
TOTAL QU;800-580-3101;V;9:00+;TL;Jun-30;LAREDO;TX;147;HOUSTON;TX;0;\N;53;7000;19;A;131;350
TOTAL QU;800-580-3101;V;9:00+;TL;Jun-30;LAREDO;TX;147;HOUSTON;TX;0;\N;53;7000;19;A;131;350
TOTAL QU;800-580-3101;V;9:00+;TL;Jun-30;LAREDO;TX;147;HOUSTON;TX;0;\N;53;7000;19;A;131;350
TOTAL QU;800-580-3101;V;9:00+;TL;Jun-30;LAREDO;TX;147;HOUSTON;TX;0;\N;53;7000;19;A;131;350
TOTAL QU;800-580-3101;V;9:00+;TL;Jun-30;LAREDO;TX;147;HOUSTON;TX;0;\N;53;7000;19;A;131;350
TOTAL QU;800-580-3101;V;9:00+;TL;Jun-30;LAREDO;TX;147;HOUSTON;TX;0;\N;53;7000;19;A;131;350
TOTAL QU;800-580-3101;V;9:00+;TL;Jun-30;LAREDO;TX;147;HOUSTON;TX;0;\N;53;7000;19;A;131;350
TOTAL QU;800-580-3101;V;9:00+;TL;Jun-30;LAREDO;TX;147;HOUSTON;TX;0;\N;53;7000;19;A;131;350
TOTAL QU;800-580-3101;V;9:00+;TL;Jun-30;LAREDO;TX;147;HOUSTON;TX;0;\N;53;7000;19;A;131;350
TOTAL QU;800-580-3101;V;9:00+;TL;Jun-30;LAREDO;TX;147;HOUSTON;TX;0;\N;53;7000;19;A;131;350
TOTAL QU;800-580-3101;V;9:00+;TL;Jun-30;LAREDO;TX;147;HOUSTON;TX;0;\N;53;7000;19;A;131;350
TOTAL QU;800-580-3101;V;9:00+;TL;Jun-30;LAREDO;TX;147;HOUSTON;TX;0;\N;53;7000;19;A;131;350
TOTAL QU;800-580-3101;V;9:00+;TL;Jun-30;LAREDO;TX;147;HOUSTON;TX;0;\N;53;7000;19;A;131;350
TOTAL QU;800-580-3101;V;9:00+;TL;Jun-30;MESQUITE;TX;255;MONROE CITY;TX;49;\N;53;\N;19;A;113;288
TOTAL QU;800-580-3101;VR;9:00+;TL;Jun-30;MCKINNEY;TX;285;HEMPSTEAD;TX;48;\N;53;5000;19;A;92;239
TOTAL QU;800-580-3101;VR;9:00+;TL;Jun-30;MCALLEN;TX;225;HOUSTON;TX;0;\N;48;\N;19;A;146;363
TOTAL QU;800-580-3101;VR;9:00+;TL;Jun-30;MCALLEN;TX;225;HOUSTON;TX;0;\N;48;\N;19;A;146;363
TOTAL QU;800-580-3101;VR;9:00+;TL;Jun-30;MCALLEN;TX;225;HOUSTON;TX;0;\N;48;\N;19;A;146;363
TOTAL QU;800-580-3101;VR;9:00+;TL;Jun-30;MCALLEN;TX;225;HOUSTON;TX;0;\N;48;\N;19;A;146;363
TOTAL QU;800-580-3101;VR;9:00+;TL;Jun-30;MCALLEN;TX;225;HOUSTON;TX;0;\N;48;\N;19;A;146;363
TOTAL QU;800-580-3101;VR;9:00+;TL;Jun-30;MEMPHIS;TX;383;CONROE;TX;39;\N;48;44000;19;A;186;473
TOTAL QU;800-580-3101;VR;9:00+;TL;Jun-30;MEMPHIS;TX;383;CONROE;TX;39;\N;48;44000;19;A;186;473
TOTAL QU;800-580-3101;VR;9:00+;TL;Jun-30;MEMPHIS;TX;383;CONROE;TX;39;\N;48;44000;19;A;186;473
TOTAL QU;800-580-3101;VR;9:00+;TL;Jun-30;MEMPHIS;TX;383;CONROE;TX;39;\N;48;44000;19;A;186;473
TOTAL QU;800-580-3101;VR;9:00+;TL;Jun-30;MEMPHIS;TX;383;CONROE;TX;39;\N;48;44000;19;A;186;473
TOTAL QU;800-580-3101;VR;9:00+;TL;Jun-30;MEMPHIS;TX;383;CONROE;TX;39;\N;48;44000;19;A;186;473
TOTAL QU;800-580-3101;VR;9:00+;TL;Jun-30;MEMPHIS;TX;383;CONROE;TX;39;\N;48;44000;19;A;186;473
TOTAL QU;800-580-3101;VR;9:00+;TL;Jun-30;MEMPHIS;TX;383;CONROE;TX;39;\N;48;44000;19;A;186;473
TOTAL QU;800-580-3101;VR;9:00+;TL;Jun-30;MEMPHIS;TX;383;CONROE;TX;39;\N;48;44000;19;A;186;473
TOTAL QU;800-580-3101;VR;9:00+;TL;Jun-30;MEMPHIS;TX;383;HOUSTON;TX;0;\N;48;44000;19;A;201;512
TOTAL QU;800-580-3101;VR;9:00+;TL;Jun-30;MEMPHIS;TX;383;HOUSTON;TX;0;\N;48;44000;19;A;201;512
TOTAL QU;800-580-3101;VR;9:00+;TL;Jun-30;MEMPHIS;TX;383;HOUSTON;TX;0;\N;48;44000;19;A;201;512
TOTAL QU;800-580-3101;VR;9:00+;TL;Jun-30;MEMPHIS;TX;383;HOUSTON;TX;0;\N;48;44000;19;A;201;512
TOTAL QU;800-580-3101;VR;9:00+;TL;Jun-30;MEMPHIS;TX;383;HOUSTON;TX;0;\N;48;44000;19;A;201;512
TOTAL QU;800-580-3101;VR;9:00+;TL;Jun-30;MEMPHIS;TX;383;HOUSTON;TX;0;\N;48;44000;19;A;201;512
TOTAL QU;800-580-3101;VR;9:00+;TL;Jun-30;MEMPHIS;TX;383;HOUSTON;TX;0;\N;48;44000;19;A;201;512
TOTAL QU;800-580-3101;VR;9:00+;TL;Jun-30;MANSFIELD;TX;230;SUGAR LAND;TX;17;\N;48;9000;19;A;103;262
TOTAL QU;800-580-3101;V;9:00+;TL;Jun-30;LONGVIEW;TX;308;HOUSTON;TX;0;\N;53;40000;19;A;82;209
TOTAL QU;800-580-3101;V;9:00+;TL;Jun-30;LONGVIEW;TX;308;LA PORTE;TX;25;\N;53;40000;19;A;89;227
TOTAL QU;800-580-3101;V;9:00+;TL;Jun-30;MCALLEN;TX;225;HOUSTON;TX;0;\N;53;18000;19;A;146;363
LANDSTAR;409-227-4567;V;9:00+;TL;Jun-30;ODESSA;TX;282;LA PORTE;TX;25;\N;53;43018;25;A;230;570
LANDSTAR;817-741-6246;V;9:00+;TL;Jun-30;COLLEGE STATION;TX;153;HOUSTON;TX;0;\N;53;48000;25;A;39;95
LANDSTAR;817-741-6246;V;9:00+;TL;Jun-30;COLLEGE STATION;TX;153;HOUSTON;TX;0;\N;53;48000;25;A;39;95
LANDSTAR;904-900-5778;V;9:00+;TL;Jun-30;LAREDO;TX;147;HOUSTON;TX;0;\N;53;43000;25;A;131;350
LANDSTAR;904-900-5778;V;9:00+;TL;Jun-30;LAREDO;TX;147;HOUSTON;TX;0;\N;53;43000;25;A;131;350
LANDSTAR;346-800-1808;V;9:00+;TL;Jun-30;CHANNELVIEW;TX;205;HOUSTON;TX;0;\N;53;34368;25;A;10;24
LANDSTAR;346-800-1808;V;9:00+;TL;Jun-30;CHANNELVIEW;TX;205;HOUSTON;TX;0;\N;53;34368;25;A;10;24
LANDSTAR;346-800-1808;V;9:00+;TL;Jun-30;CHANNELVIEW;TX;205;HOUSTON;TX;0;\N;53;34368;25;A;10;24
LANDSTAR;346-800-1808;V;9:00+;TL;Jun-30;CHANNELVIEW;TX;205;HOUSTON;TX;0;\N;53;34368;25;A;10;24
LANDSTAR;346-800-1808;V;9:00+;TL;Jun-30;COOPER;TX;322;SEABROOK;TX;29;\N;53;42500;25;A;135;346
LANDSTAR;346-800-1808;V;9:00+;TL;Jun-30;LEWISVILLE;TX;265;HOUSTON;TX;0;\N;53;16000;25;A;101;262
LANDSTAR;210-998-6321;V;9:00+;TL;Jun-30;HOUSTON;TX;188;CLEVELAND;TX;48;\N;53;21000;25;A;18;45
LANDSTAR;346-201-7588;V;9:00+;TL;Jun-30;DALLAS;TX;254;HOUSTON;TX;0;500;\N;3500;25;A;94;240
LANDSTAR;956-744-5696;V;9:00+;TL;Jun-30;LAREDO;TX;147;HOUSTON;TX;0;\N;53;43500;25;A;131;350
LANDSTAR;956-744-5696;V;9:00+;TL;Jun-30;LAREDO;TX;147;HOUSTON;TX;0;\N;53;43500;25;A;131;350
LANDSTAR;713-292-0866;V;9:00+;TL;Jun-30;LOLITA;TX;130;BAYTOWN;TX;29;\N;53;43000;25;A;55;136
LANDSTAR;713-292-0866;V;9:00+;TL;Jun-30;LOLITA;TX;130;BAYTOWN;TX;29;\N;53;43000;25;A;55;136
LANDSTAR;713-292-0866;V;9:00+;TL;Jun-30;POINT COMFORT;TX;129;BAYTOWN;TX;29;\N;53;43000;25;A;59;146
LANDSTAR;713-292-0866;V;9:00+;TL;Jun-30;POINT COMFORT;TX;129;BAYTOWN;TX;29;\N;53;43000;25;A;59;146
LANDSTAR;713-292-0866;V;9:00+;TL;Jun-30;POINT COMFORT;TX;129;BAYTOWN;TX;29;\N;53;43000;25;A;59;146
LANDSTAR;713-292-0866;V;9:00+;TL;Jun-30;POINT COMFORT;TX;129;BAYTOWN;TX;29;\N;53;43000;25;A;59;146
LANDSTAR;713-292-0866;V;9:00+;TL;Jun-30;POINT COMFORT;TX;129;BAYTOWN;TX;29;\N;53;43000;25;A;59;146
LANDSTAR;713-292-0866;V;9:00+;TL;Jun-30;POINT COMFORT;TX;129;BAYTOWN;TX;29;\N;53;43000;25;A;59;146
LANDSTAR;713-292-0866;V;9:00+;TL;Jun-30;POINT COMFORT;TX;129;BAYTOWN;TX;29;\N;53;43000;25;A;59;146
LANDSTAR;713-292-0866;V;9:00+;TL;Jun-30;POINT COMFORT;TX;129;BAYTOWN;TX;29;\N;53;43000;25;A;59;146
LANDSTAR;713-292-0866;V;9:00+;TL;Jun-30;POINT COMFORT;TX;129;BAYTOWN;TX;29;\N;53;43000;25;A;59;146
LANDSTAR;713-292-0866;V;9:00+;TL;Jun-30;POINT COMFORT;TX;129;BAYTOWN;TX;29;\N;53;43000;25;A;59;146
LANDSTAR;713-292-0866;V;9:00+;TL;Jun-30;POINT COMFORT;TX;129;BAYTOWN;TX;29;\N;53;43000;25;A;59;146
LANDSTAR;713-292-0866;V;9:00+;TL;Jun-30;POINT COMFORT;TX;129;BAYTOWN;TX;29;\N;53;43000;25;A;59;146
LANDSTAR;956-269-9698;V;9:00+;TL;Jun-30;LAREDO;TX;147;HOUSTON;TX;0;\N;53;25000;25;A;131;350
LANDSTAR;713-292-0866;V;9:00+;TL;Jun-30;CROCKETT;TX;222;HOUSTON;TX;0;\N;53;40000;25;A;45;116
LANDSTAR;713-292-0866;V;9:00+;TL;Jun-30;CROCKETT;TX;222;HOUSTON;TX;0;\N;53;40000;25;A;45;116
ARNOLD T;469-329-5700;V;9:00+;TL;Jun-30;HAWKINS;TX;294;KATY;TX;22;\N;\N;\N;29;A;98;256
ARNOLD T;469-329-5700;VR;9:00+;TL;Jun-30;HAWKINS;TX;294;KATY;TX;22;\N;\N;\N;29;A;98;256
ARNOLD T;469-329-5700;VR;9:00+;TL;Jun-30;LUBBOCK;TX;347;SUGAR LAND;TX;17;\N;\N;\N;29;A;220;536
ARNOLD T;469-329-5700;V;9:00+;TL;Jun-30;ROANOKE;TX;256;BROOKSHIRE;TX;35;\N;\N;\N;29;A;119;300
ARNOLD T;469-329-5700;VR;9:00+;TL;Jun-30;TEMPLE;TX;133;NEW CANEY;TX;32;\N;\N;\N;29;A;69;187
TRI-STAT;843-407-7919;FSDV;9:00+;TL;Jun-30;DENTON;TX;274;HOUSTON;TX;0;\N;\N;\N;30;N;108;278
SUNTECK;561-910-6300;V;9:00+;TL;Jun-30;MESQUITE;TX;255;TOMBALL;TX;30;700;\N;40322;27;A;87;225
TRI-BROS;607-296-4528;V;9:00+;TL;Jun-30;SAN ANTONIO;TX;0;CONROE;TX;39;\N;53;7200;21;A;84;228
ARNOLD T;469-329-5700;V;9:00+;TL;Jun-30;DALLAS;TX;254;BROOKSHIRE;TX;35;\N;\N;\N;29;A;105;270
ARNOLD T;469-329-5700;VR;9:00+;TL;Jun-30;DALLAS;TX;254;HOUSTON;TX;0;950;\N;\N;29;A;94;240
ARNOLD T;469-329-5700;VR;9:00+;TL;Jun-30;DALLAS;TX;254;NEW CANEY;TX;32;\N;\N;\N;29;A;88;229
ARNOLD T;469-329-5700;VR;9:00+;TL;Jun-30;ABILENE;TX;219;HOUSTON;TX;0;\N;\N;\N;29;A;170;407
ARNOLD T;469-329-5700;VR;9:00+;TL;Jun-30;FORT WORTH;TX;239;HOUSTON;TX;0;\N;\N;\N;29;A;102;261
LANDSTAR;210-272-9850;V;9:00+;TL;Jun-30;LAREDO;TX;147;DAYTON;TX;40;1050;\N;42000;25;A;151;386
LANDSTAR;830-253-5995;V;9:00+;TL;Jun-30;SHREVEPORT;LA;351;HOUSTON;TX;0;\N;53;40000;25;A;95;242
LANDSTAR;830-253-5995;V;9:00+;TL;Jun-30;SHREVEPORT;LA;351;HOUSTON;TX;0;\N;53;40000;25;A;95;242
LANDSTAR;830-253-5995;V;9:00+;TL;Jun-30;SHREVEPORT;LA;351;HOUSTON;TX;0;\N;53;40000;25;A;95;242
SUREWAY;541-826-4786;V;9:00+;TL;Jun-30;POLLOCK;LA;390;HOUSTON;TX;0;\N;\N;45000;3;A;101;254
SUREWAY;541-826-4786;V;9:00+;TL;Jun-30;POLLOCK;LA;390;HOUSTON;TX;0;\N;\N;45000;3;A;101;254
SUNTECK;316-260-4430;VR;9:00+;TL;Jun-30;TYLER;TX;276;FREEPORT;TX;58;\N;\N;\N;27;A;107;276
SUNTECK;316-260-4430;VR;9:00+;TL;Jun-30;TYLER;TX;276;BAYTOWN;TX;29;\N;\N;42000;27;A;86;219
AMERICAN;903-527-0420;V;9:00+;TL;Jun-30;MISSOURI CITY;TX;180;HOUSTON;TX;0;\N;\N;\N;20;A;7;17
AMERICAN;903-527-0420;V;9:00+;TL;Jun-30;TYLER;TX;276;HOUSTON;TX;0;\N;\N;\N;20;A;86;220
FAIRMONT;310-888-1820;V;9:00+;TL;Jun-30;LAREDO;TX;147;HOUSTON;TX;0;\N;53;38000;30;A;131;350
FAIRMONT;310-888-1820;V;9:00+;TL;Jun-30;LAREDO;TX;147;HOUSTON;TX;0;\N;53;38000;30;A;131;350
BOB MURR;541-784-3737;V;9:00+;TL;Jun-30;POLLOCK;LA;390;HOUSTON;TX;0;550;\N;45000;12;A;101;254
SCHNEIDE;800-558-3957;V;9:00+;TL;Jun-30;NACOGDOCHES;TX;273;HOUSTON;TX;0;\N;1;6000;30;A;53;137
SCHNEIDE;800-558-3957;V;9:00+;TL;Jun-30;BROWNSVILLE;TX;253;HOUSTON;TX;0;\N;1;35000;30;A;146;362
SCHNEIDE;800-558-3957;V;9:00+;TL;Jun-30;GRAND PRAIRIE;TX;244;HOUSTON;TX;0;\N;1;30000;30;A;97;251
SCHNEIDE;800-558-3957;V;9:00+;TL;Jun-30;GRAND PRAIRIE;TX;244;HOUSTON;TX;0;\N;1;30000;30;A;100;258
EDGE LOG;312-319-4766;VR;9:00+;TL;Jun-30;HOUSTON;TX;188;HUMBLE;TX;21;400;53;43857;30*;A;8;19
EDGE LOG;312-319-4766;VR;9:00+;TL;Jun-30;HOUSTON;TX;188;HUMBLE;TX;21;500;53;43761;30*;A;8;19
EDGE LOG;312-319-4766;VR;9:00+;TL;Jun-30;HOUSTON;TX;188;HUMBLE;TX;21;500;53;43857;30*;A;8;19
EDGE LOG;312-319-4766;VR;9:00+;TL;Jun-30;HOUSTON;TX;188;HUMBLE;TX;21;\N;53;43761;30*;A;8;19
EDGE LOG;312-319-4766;VR;9:00+;TL;Jun-30;HOUSTON;TX;188;HUMBLE;TX;21;\N;53;43857;30*;A;8;19
EDGE LOG;312-319-4766;VR;9:00+;TL;Jun-30;HOUSTON;TX;188;HOUSTON;TX;0;\N;53;44686;30*;A;0;0
EDGE LOG;312-319-4766;VR;9:00+;TL;Jun-30;HOUSTON;TX;188;HOUSTON;TX;0;\N;53;44793;30*;A;0;0
EDGE LOG;312-319-4766;VR;9:00+;TL;Jun-30;HOUSTON;TX;188;HOUSTON;TX;0;\N;53;45007;30*;A;0;0
EDGE LOG;312-319-4766;VR;9:00+;TL;Jun-30;HOUSTON;TX;188;BAYTOWN;TX;29;\N;53;43761;30*;A;10;25
EDGE LOG;312-319-4766;VR;9:00+;TL;Jun-30;HOUSTON;TX;188;BAYTOWN;TX;29;\N;53;45007;30*;A;10;25
EDGE LOG;312-319-4766;VR;9:00+;TL;Jun-30;HOUSTON;TX;188;BAYTOWN;TX;29;600;53;45007;30*;A;10;25
EDGE LOG;312-319-4766;VR;9:00+;TL;Jun-30;HOUSTON;TX;188;CLUTE;TX;52;\N;53;43761;30*;A;27;70
EDGE LOG;312-319-4766;VR;9:00+;TL;Jun-30;HOUSTON;TX;188;CLUTE;TX;52;600;53;43761;30*;A;27;70
EDGE LOG;312-319-4766;VR;9:00+;TL;Jun-30;HOUSTON;TX;188;MAGNOLIA;TX;50;\N;53;43761;30*;A;21;52
EDGE LOG;312-319-4766;V;9:00+;TL;Jun-30;LANCASTER;TX;241;HOUSTON;TX;0;\N;53;39888;30*;A;91;234
EDGE LOG;312-319-4766;VR;9:00+;TL;Jun-30;MISSOURI CITY;TX;180;HUMBLE;TX;21;600;\N;\N;30*;A;14;35
EDGE LOG;312-319-4766;VR;9:00+;TL;Jun-30;MISSOURI CITY;TX;180;MAGNOLIA;TX;50;600;\N;\N;30*;A;33;74
EDGE LOG;312-319-4766;V;9:00+;TL;Jun-30;NORTHLAKE;TX;262;HOUSTON;TX;0;600;53;41972;30*;A;100;257
ARMSTRON;844-239-0264;VR;9:00+;TL;Jun-30;ABILENE;TX;219;HOUSTON;TX;0;\N;53;43000;27;A;170;407
ARMSTRON;844-239-0264;VR;9:00+;TL;Jun-30;ABILENE;TX;219;HOUSTON;TX;0;\N;53;43000;27;A;170;407
ARMSTRON;844-239-0264;VR;9:00+;TL;Jun-30;ABILENE;TX;219;HOUSTON;TX;0;\N;53;43000;27;A;170;407
ARMSTRON;844-239-0264;VR;9:00+;TL;Jun-30;ABILENE;TX;219;HOUSTON;TX;0;\N;53;43000;27;A;170;407
ARMSTRON;844-239-0264;VR;9:00+;TL;Jun-30;ABILENE;TX;219;HOUSTON;TX;0;\N;53;43000;27;A;170;407
ARMSTRON;844-239-0264;VR;9:00+;TL;Jun-30;ABILENE;TX;219;HOUSTON;TX;0;\N;53;43000;27;A;170;407
ARMSTRON;844-239-0264;VR;9:00+;TL;Jun-30;ABILENE;TX;219;HOUSTON;TX;0;\N;53;43000;27;A;170;407
ARMSTRON;844-239-0264;VR;9:00+;TL;Jun-30;ABILENE;TX;219;HOUSTON;TX;0;\N;53;43000;27;A;170;407
ARMSTRON;844-239-0264;VR;9:00+;TL;Jun-30;ABILENE;TX;219;HOUSTON;TX;0;\N;53;43000;27;A;170;407
ARMSTRON;844-239-0264;VR;9:00+;TL;Jun-30;ABILENE;TX;219;HOUSTON;TX;0;\N;53;43000;27;A;170;407
ARMSTRON;844-239-0264;VR;9:00+;TL;Jun-30;ABILENE;TX;219;HOUSTON;TX;0;\N;53;43000;27;A;170;407
ARMSTRON;844-239-0264;VR;9:00+;TL;Jun-30;ABILENE;TX;219;HOUSTON;TX;0;\N;53;43000;27;A;170;407
ARMSTRON;844-239-0264;VR;9:00+;TL;Jun-30;ABILENE;TX;219;HOUSTON;TX;0;\N;53;43000;27;A;170;407
INTEGRIT;937-684-8180;V;9:00+;TL;Jun-30;MESQUITE;TX;255;HOUSTON;TX;0;600;53;35000;20;A;94;241
INTEGRIT;937-684-8180;V;9:00+;TL;Jun-30;DALLAS;TX;254;HOUSTON;TX;0;600;53;35000;20;A;94;240
RESULTS;972-665-6857;FV;9:00+;TL;Jun-30;RAYMONDVILLE;TX;211;PASADENA;TX;13;700;\N;\N;17;A;127;315
AMERICAN;574-387-5212;VR;9:00+;TL;Jun-30;DALLAS;TX;254;HOUSTON;TX;0;500;\N;\N;22;A;94;240
KING OF;316-530-5370;V;9:00+;TL;Jun-30;DENTON;TX;274;HOUSTON;TX;0;450;\N;\N;27;A;108;278
YELLOW D;714-617-1752;V;9:00+;TL;Jun-30;LA PORTE;TX;209;HOUSTON;TX;0;\N;53;40950;29;A;11;27
KING OF;316-413-2092;V;9:00+;TL;Jun-30;MCALLEN;TX;225;HOUSTON;TX;0;700;\N;42000;27;A;146;363
SUREWAY;479-202-4061;V;9:00+;PTL;Jun-30;HOUSTON;TX;188;HOUSTON;TX;0;700;\N;200;3;A;0;0
NOLAN TR;630-496-0085;V;9:00+;TL;Jun-30;DALLAS;TX;254;GALVESTON;TX;50;\N;\N;43000;23;A;113;290
NOLAN TR;630-496-0085;V;9:00+;TL;Jun-30;SEBASTIAN;TX;220;GALVESTON;TX;50;\N;\N;43000;23;A;145;357
NOLAN TR;956-232-3113;V;9:00+;TL;Jun-30;LAREDO;TX;147;HOUSTON;TX;0;\N;\N;30000;23;A;131;350
INTEGRIT;937-684-8180;V;9:00+;TL;Jun-30;GRAND PRAIRIE;TX;244;HOUSTON;TX;0;\N;53;10000;20;A;97;251
INTEGRIT;937-684-8180;V;9:00+;TL;Jun-30;GRAND PRAIRIE;TX;244;HOUSTON;TX;0;1000;53;10000;20;A;97;251
INTEGRIT;937-684-8180;V;9:00+;TL;Jun-30;GRAND PRAIRIE;TX;244;HOUSTON;TX;0;650;48;15000;20;A;97;251
INTEGRIT;937-684-8180;V;9:00+;TL;Jun-30;GRAND PRAIRIE;TX;244;HOUSTON;TX;0;800;48;10000;20;A;97;251
EPES LOG;866-247-0691;V;9:00+;TL;Jun-30;ROANOKE;TX;256;BROOKSHIRE;TX;35;\N;53;40366;22;A;119;300
TRAFFIX;888-401-3349;V;9:00+;TL;Jun-30;FORT WORTH;TX;239;HOUSTON;TX;0;500;53;45000;24;A;102;261
ZENGISTI;512-430-4600;V;9:00+;TL;Jun-30;NORTHLAKE;TX;262;HOUSTON;TX;0;\N;\N;\N;21;A;100;257
GLOBALTR;888-954-7231;VR;9:00+;TL;Jun-30;LAREDO;TX;147;HOUSTON;TX;0;1000;53;44000;29;A;131;350
RFX INC;219-956-0540;V;9:00+;TL;Jun-30;FAIRFIELD;TX;209;CHANNELVIEW;TX;18;425;53;10000;16;A;65;166
DFH TRAN;817-367-7001;V;9:00+;TL;Jun-30;COPPELL;TX;255;HOUSTON;TX;0;\N;\N;\N;16;A;101;261
ADAMS MO;817-737-3636;VA;9:00+;TL;Jun-30;DURANT;OK;333;HOUSTON;TX;0;1000;\N;43500;10;A;128;332
NATIONWI;915-603-8854;VR;9:00+;TL;Jun-30;LAREDO;TX;147;HOUSTON;TX;0;\N;\N;\N;15;A;131;350
GLOBALTR;888-954-7231;VR;9:00+;TL;Jun-30;LAREDO;TX;147;DAYTON;TX;40;1000;53;44000;29;A;151;386
MEADOW L;406-237-0870;V;9:00+;TL;Jun-30;MINERAL WELLS;TX;232;BAYTOWN;TX;29;500;\N;21000;35;A;128;329
TANAGER;210-314-6528;V;9:00+;TL;Jun-30;ROANOKE;TX;256;HOUSTON;TX;0;550;\N;\N;22;A;105;270
TANAGER;210-314-6528;V;9:00+;TL;Jun-30;WEATHERFORD;TX;232;HOUSTON;TX;0;650;\N;\N;22;A;111;286
VELOCITY;469-324-5958;V;9:00+;TL;Jun-30;GRAPEVINE;TX;255;HOUSTON;TX;0;575;\N;18000;26;A;101;260
THIRD CO;512-382-4052;V;9:00+;PTL;Jun-30;LAREDO;TX;147;HOUSTON;TX;0;650;10;1610;28;A;131;350
ELITE TR;878-999-2766;V;9:00+;TL;Jun-30;TEMPLE;TX;133;HOUSTON;TX;0;550;\N;45000;41;B;67;167
THIRD CO;512-382-4052;V;9:00+;TL;Jun-30;LAREDO;TX;147;HOUSTON;TX;0;1000;53;6810;28;A;131;350
ELITE TR;878-999-2766;V;9:00+;TL;Jun-30;DALLAS;TX;254;MISSOURI CITY;TX;20;550;\N;44000;41;B;100;257
ELITE TR;878-999-2766;V;9:00+;TL;Jun-30;MISSOURI CITY;TX;180;EL CAMPO;TX;69;450;\N;44000;41;B;23;59
APEX LOG;801-924-1850;VR;9:00+;TL;Jun-30;TEXARKANA;AR;381;HOUSTON;TX;0;\N;\N;43290;25*;A;115;299
BMM LOGI;773-283-2599;V;9:00+;TL;Jun-30;BONHAM;TX;316;PASADENA;TX;13;\N;\N;\N;38;A;125;322
A1 VALUE;678-487-5508;V;9:00+;PTL;Jun-30;ARLINGTON;TX;242;HOUSTON;TX;0;\N;20;1700;13;A;99;256
A1 VALUE;678-487-5508;V;9:00+;TL;Jun-30;LAREDO;TX;147;HOUSTON;TX;0;\N;53;42000;13;A;131;350
A1 VALUE;678-487-5508;V;9:00+;TL;Jun-30;LAREDO;TX;147;HOUSTON;TX;0;\N;53;19000;13;A;131;350
A1 VALUE;678-487-5508;V;9:00+;TL;Jun-30;LAREDO;TX;147;HOUSTON;TX;0;\N;53;42000;13;A;131;350
DFW NATI;972-325-4500;V;9:00+;TL;Jun-30;DALLAS;TX;254;HOUSTON;TX;0;\N;\N;\N;13;A;94;240
ACTION E;773-832-8600;VF;9:00+;TL;Jun-30;MILLSAP;TX;234;HOUSTON;TX;0;\N;48;40000;15;A;118;304
ACTION E;773-832-8600;VF;9:00+;TL;Jun-30;MILLSAP;TX;234;HOUSTON;TX;0;\N;48;40000;15;A;118;304
ACTION E;773-832-8600;VF;9:00+;TL;Jun-30;MILLSAP;TX;234;HOUSTON;TX;0;\N;48;40000;15;A;118;304
ACTION E;773-832-8600;VF;9:00+;TL;Jun-30;MILLSAP;TX;234;HOUSTON;TX;0;\N;48;40000;15;A;118;304
ACTION E;773-832-8600;VF;9:00+;TL;Jun-30;MILLSAP;TX;234;HOUSTON;TX;0;\N;48;40000;15;A;118;304
ACTION E;773-832-8600;VF;9:00+;TL;Jun-30;MILLSAP;TX;234;HOUSTON;TX;0;\N;48;40000;15;A;118;304
ACTION E;773-832-8600;VF;9:00+;TL;Jun-30;MILLSAP;TX;234;HOUSTON;TX;0;\N;48;40000;15;A;118;304
ACTION E;773-832-8600;VF;9:00+;TL;Jun-30;MILLSAP;TX;234;HOUSTON;TX;0;\N;48;40000;15;A;118;304
ACTION E;773-832-8600;VF;9:00+;TL;Jun-30;MILLSAP;TX;234;HOUSTON;TX;0;\N;48;40000;15;A;118;304
ACTION E;773-832-8600;VF;9:00+;TL;Jun-30;MILLSAP;TX;234;HOUSTON;TX;0;\N;48;40000;15;A;118;304
ACTION E;773-832-8600;VF;9:00+;TL;Jun-30;MILLSAP;TX;234;HOUSTON;TX;0;\N;48;40000;15;A;118;304
ACTION E;773-832-8600;VF;9:00+;TL;Jun-30;MILLSAP;TX;234;HOUSTON;TX;0;\N;48;40000;15;A;118;304
ACTION E;773-832-8600;VF;9:00+;TL;Jun-30;MILLSAP;TX;234;HOUSTON;TX;0;\N;48;40000;15;A;118;304
ACTION E;773-832-8600;VF;9:00+;TL;Jun-30;MILLSAP;TX;234;HOUSTON;TX;0;\N;48;40000;15;A;118;304
ACTION E;773-832-8600;VF;9:00+;TL;Jun-30;MILLSAP;TX;234;HOUSTON;TX;0;\N;48;40000;15;A;118;304
ACTION E;773-832-8600;VF;9:00+;TL;Jun-30;MILLSAP;TX;234;HOUSTON;TX;0;\N;48;40000;15;A;118;304
ACTION E;773-832-8600;VF;9:00+;TL;Jun-30;MILLSAP;TX;234;HOUSTON;TX;0;\N;48;40000;15;A;118;304
ACTION E;773-832-8600;VF;9:00+;TL;Jun-30;MILLSAP;TX;234;HOUSTON;TX;0;\N;48;40000;15;A;118;304
ACTION E;773-832-8600;VF;9:00+;TL;Jun-30;MILLSAP;TX;234;HOUSTON;TX;0;\N;48;40000;15;A;118;304
ACTION E;773-832-8600;VF;9:00+;TL;Jun-30;MILLSAP;TX;234;HOUSTON;TX;0;\N;48;40000;15;A;118;304
ACTION E;773-832-8600;VF;9:00+;TL;Jun-30;MILLSAP;TX;234;HOUSTON;TX;0;\N;48;40000;15;A;118;304
VE LOGIS;832-605-0581;V;9:00+;TL;Jun-30;HOUSTON;TX;188;HITCHCOCK;TX;38;\N;\N;40000;19;A;16;40
XPO LOGI;847-234-6360;V;9:00+;TL;Jun-30;LAREDO;TX;147;HOUSTON;TX;0;\N;53;20000;26;A;131;350
XPO LOGI;847-234-6360;V;9:00+;TL;Jun-30;LAREDO;TX;147;HOUSTON;TX;0;700;53;20000;26;A;131;350
FIRST ST;941-764-8383;V;9:00+;TL;Jun-30;OAKDALE;LA;362;HOUSTON;TX;0;\N;53;45000;18;A;79;200
XPO LOGI;312-854-1281;V;9:00+;TL;Jun-30;SULPHUR SPRINGS;TX;307;HOUSTON;TX;0;\N;53;42000;26;A;120;312
HAZEN TR;734-857-5556;V;9:00+;TL;Jun-30;ARDMORE;OK;334;HOUSTON;TX;0;\N;53;6500;25;A;134;347
AXLE LOG;888-500-1699;V;9:00+;TL;Jun-30;COPPELL;TX;255;HOUSTON;TX;0;\N;\N;35000;24;A;101;261
AXLE LOG;888-500-1699;V;9:00+;TL;Jun-30;CORSICANA;TX;215;SPRING;TX;24;1100;\N;15000;24;A;63;167
RAPID TR;615-867-9902;VF;9:00+;TL;Jun-30;DENTON;TX;274;HOUSTON;TX;0;\N;48;44000;28;A;108;278
ROAR LOG;716-844-3171;V;9:00+;TL;Jun-30;BRYAN;TX;163;GALENA PARK;TX;12;\N;\N;\N;19;A;45;109
RED RIVE;817-697-4310;VR;9:00+;TL;Jun-30;HOUSTON;TX;188;WILLIS;TX;47;400;\N;44400;34;A;20;51
EVEREST;312-423-1895;V;9:00+;TL;Jun-30;HAWKINS;TX;294;HOUSTON;TX;0;2400;\N;\N;34;A;88;229
SHOW ME;855-729-5815;V;9:00+;TL;Jun-30;GRAND PRAIRIE;TX;244;MISSOURI CITY;TX;20;\N;53;35000;22;A;104;268
RED RIVE;817-697-4310;VR;9:00+;TL;Jun-30;BAYTOWN;TX;213;HOUSTON;TX;0;250;\N;43700;34;A;10;25
RED RIVE;817-697-4310;VR;9:00+;TL;Jun-30;HOUSTON;TX;188;HOUSTON;TX;0;200;\N;41501;34;A;0;0
ARMSTRON;844-239-0264;VR;9:00+;TL;Jun-30;ABILENE;TX;219;HOUSTON;TX;0;\N;53;43000;27;A;170;407
ARMSTRON;844-239-0264;VR;9:00+;TL;Jun-30;ABILENE;TX;219;HOUSTON;TX;0;\N;53;43000;27;A;170;407
ARMSTRON;844-239-0264;VR;9:00+;TL;Jun-30;ABILENE;TX;219;HOUSTON;TX;0;\N;53;43000;27;A;170;407
ARMSTRON;844-239-0264;VR;9:00+;TL;Jun-30;ABILENE;TX;219;HOUSTON;TX;0;\N;53;43000;27;A;170;407
ARMSTRON;844-239-0264;VR;9:00+;TL;Jun-30;ABILENE;TX;219;HOUSTON;TX;0;\N;53;43000;27;A;170;407
ARMSTRON;844-239-0264;VR;9:00+;TL;Jun-30;ABILENE;TX;219;HOUSTON;TX;0;\N;53;43000;27;A;170;407
ARMSTRON;844-239-0264;VR;9:00+;TL;Jun-30;ABILENE;TX;219;HOUSTON;TX;0;\N;53;43000;27;A;170;407
ARMSTRON;844-239-0264;VR;9:00+;TL;Jun-30;ABILENE;TX;219;HOUSTON;TX;0;\N;53;43000;27;A;170;407
ARMSTRON;844-239-0264;VR;9:00+;TL;Jun-30;ABILENE;TX;219;HOUSTON;TX;0;\N;53;43000;27;A;170;407
ARMSTRON;844-239-0264;VR;9:00+;TL;Jun-30;ABILENE;TX;219;HOUSTON;TX;0;\N;53;43000;27;A;170;407
ARMSTRON;844-239-0264;VR;9:00+;TL;Jun-30;ABILENE;TX;219;HOUSTON;TX;0;\N;53;43000;27;A;170;407
ARMSTRON;844-239-0264;VR;9:00+;TL;Jun-30;ABILENE;TX;219;HUNTSVILLE;TX;69;\N;53;43000;27;A;131;340
ARMSTRON;844-239-0264;VR;9:00+;TL;Jun-30;ABILENE;TX;219;HUNTSVILLE;TX;69;\N;53;43000;27;A;131;340
ARMSTRON;844-239-0264;VR;9:00+;TL;Jun-30;ABILENE;TX;219;HUNTSVILLE;TX;69;\N;53;43000;27;A;131;340
ARMSTRON;844-239-0264;VR;9:00+;TL;Jun-30;ABILENE;TX;219;HUNTSVILLE;TX;69;\N;53;43000;27;A;131;340
ARMSTRON;844-239-0264;VR;9:00+;TL;Jun-30;ABILENE;TX;219;HUNTSVILLE;TX;69;\N;53;43000;27;A;131;340
ARMSTRON;844-239-0264;VR;9:00+;TL;Jun-30;ABILENE;TX;219;HUNTSVILLE;TX;69;\N;53;43000;27;A;131;340
ARMSTRON;844-239-0264;VR;9:00+;TL;Jun-30;ABILENE;TX;219;HUNTSVILLE;TX;69;\N;53;43000;27;A;131;340
ARMSTRON;844-239-0264;VR;9:00+;TL;Jun-30;ABILENE;TX;219;HUNTSVILLE;TX;69;\N;53;43000;27;A;131;340
ARMSTRON;844-239-0264;VR;9:00+;TL;Jun-30;ABILENE;TX;219;HUNTSVILLE;TX;69;\N;53;43000;27;A;131;340
ARMSTRON;844-239-0264;VR;9:00+;TL;Jun-30;ABILENE;TX;219;HUNTSVILLE;TX;69;\N;53;43000;27;A;131;340
ARMSTRON;844-239-0264;VR;9:00+;TL;Jun-30;ABILENE;TX;219;HUNTSVILLE;TX;69;\N;53;43000;27;A;131;340
ARMSTRON;844-239-0264;VR;9:00+;TL;Jun-30;ABILENE;TX;219;HUNTSVILLE;TX;69;\N;53;43000;27;A;131;340
ARMSTRON;844-239-0264;VR;9:00+;TL;Jun-30;ABILENE;TX;219;HUNTSVILLE;TX;69;\N;53;43000;27;A;131;340
ARMSTRON;844-239-0264;VR;9:00+;TL;Jun-30;ABILENE;TX;219;HUNTSVILLE;TX;69;\N;53;43000;27;A;131;340
ARMSTRON;844-239-0264;VR;9:00+;TL;Jun-30;ABILENE;TX;219;HUNTSVILLE;TX;69;\N;53;43000;27;A;131;340
ARMSTRON;844-239-0264;VR;9:00+;TL;Jun-30;ABILENE;TX;219;HUNTSVILLE;TX;69;\N;53;43000;27;A;131;340
ARMSTRON;844-239-0264;VR;9:00+;TL;Jun-30;ABILENE;TX;219;HUNTSVILLE;TX;69;\N;53;43000;27;A;131;340
ARMSTRON;844-239-0264;VR;9:00+;TL;Jun-30;ABILENE;TX;219;HUNTSVILLE;TX;69;\N;53;43000;27;A;131;340
ARMSTRON;844-239-0264;VR;9:00+;TL;Jun-30;ABILENE;TX;219;HUNTSVILLE;TX;69;\N;53;43000;27;A;131;340
ARMSTRON;844-239-0264;VR;9:00+;TL;Jun-30;ABILENE;TX;219;HUNTSVILLE;TX;69;\N;53;43000;27;A;131;340
ARMSTRON;844-239-0264;VR;9:00+;TL;Jun-30;ABILENE;TX;219;HUNTSVILLE;TX;69;\N;53;43000;27;A;131;340
ARMSTRON;844-239-0264;VR;9:00+;TL;Jun-30;ABILENE;TX;219;HUNTSVILLE;TX;69;\N;53;43000;27;A;131;340
ARMSTRON;844-239-0264;VR;9:00+;TL;Jun-30;ABILENE;TX;219;HUNTSVILLE;TX;69;\N;53;43000;27;A;131;340
ARMSTRON;844-239-0264;VR;9:00+;TL;Jun-30;ABILENE;TX;219;HUNTSVILLE;TX;69;\N;53;43000;27;A;131;340
ARMSTRON;844-239-0264;VR;9:00+;TL;Jun-30;ABILENE;TX;219;HUNTSVILLE;TX;69;\N;53;43000;27;A;131;340
ARMSTRON;844-239-0264;VR;9:00+;TL;Jun-30;ABILENE;TX;219;HUNTSVILLE;TX;69;\N;53;43000;27;A;131;340
ARMSTRON;844-239-0264;VR;9:00+;TL;Jun-30;ABILENE;TX;219;HUNTSVILLE;TX;69;\N;53;43000;27;A;131;340
ARMSTRON;844-239-0264;VR;9:00+;TL;Jun-30;ABILENE;TX;219;HUNTSVILLE;TX;69;\N;53;43000;27;A;131;340
ARMSTRON;844-239-0264;VR;9:00+;TL;Jun-30;ABILENE;TX;219;HUNTSVILLE;TX;69;\N;53;43000;27;A;131;340
ARMSTRON;844-239-0264;VR;9:00+;TL;Jun-30;ABILENE;TX;219;HUNTSVILLE;TX;69;\N;53;43000;27;A;131;340
ARMSTRON;844-239-0264;VR;9:00+;TL;Jun-30;ABILENE;TX;219;HUNTSVILLE;TX;69;\N;53;43000;27;A;131;340
ARMSTRON;844-239-0264;VR;9:00+;TL;Jun-30;ABILENE;TX;219;HUNTSVILLE;TX;69;\N;53;43000;27;A;131;340
ARMSTRON;844-239-0264;VR;9:00+;TL;Jun-30;ABILENE;TX;219;HUNTSVILLE;TX;69;\N;53;43000;27;A;131;340
ARMSTRON;844-239-0264;VR;9:00+;TL;Jun-30;RANGER;TX;208;HOUSTON;TX;0;\N;53;43000;27;A;136;343
ARMSTRON;844-239-0264;VR;9:00+;TL;Jun-30;SNYDER;TX;268;HOUSTON;TX;0;\N;53;43000;27;A;203;488
PIONEER;786-306-2285;V;9:00+;TL;Jun-30;COPPELL;TX;255;HOUSTON;TX;0;\N;\N;14259;17;A;101;261
D & L TR;901-355-0330;V;9:00+;TL;Jun-30;TEXARKANA;AR;381;HOUSTON;TX;0;700;53;43000;28;A;115;299
TTS LLC;817-728-5525;V;9:00+;TL;Jun-30;IRVING;TX;256;HOUSTON;TX;0;\N;53;30000;27;B;97;250
TTS LLC;817-728-5525;V;9:00+;TL;Jun-30;DALLAS;TX;254;SPRING;TX;24;600;\N;\N;27;B;84;218
TTS LLC;817-728-5525;V;9:00+;TL;Jun-30;FORT WORTH;TX;239;HOUSTON;TX;0;\N;53;30000;27;B;102;261
TTS LLC;817-728-5525;V;9:00+;TL;Jun-30;FORT WORTH;TX;239;HOUSTON;TX;0;\N;53;30000;27;B;102;261
TTS LLC;817-728-5525;V;9:00+;TL;Jun-30;FORT WORTH;TX;239;HOUSTON;TX;0;\N;\N;\N;27;B;102;261
TTS LLC;817-728-5525;V;9:00+;TL;Jun-30;FORT WORTH;TX;239;HOUSTON;TX;0;\N;53;30000;27;B;102;261
TTS LLC;817-728-5525;V;9:00+;TL;Jun-30;MANSFIELD;TX;230;SPRING;TX;24;550;53;39550;27;B;85;220
ALLEN LU;800-730-5863;VR;9:00+;TL;Jun-30;GRAND PRAIRIE;TX;244;HOUSTON;TX;0;\N;48;42880;34;A;97;251
ALLEN LU;800-552-5863;V;9:00+;TL;Jun-30;LAREDO;TX;147;HOUSTON;TX;0;\N;53;40700;34;A;131;350
ALLEN LU;800-552-5863;V;9:00+;TL;Jun-30;LAREDO;TX;147;HOUSTON;TX;0;\N;53;41000;34;A;131;350
ALLEN LU;800-953-5863;VR;9:00+;TL;Jun-30;LAREDO;TX;147;BROOKSHIRE;TX;35;\N;53;44000;34;A;118;314
ALLEN LU;800-953-5863;VR;9:00+;TL;Jun-30;LAREDO;TX;147;BROOKSHIRE;TX;35;\N;53;44000;34;A;118;314
ALLEN LU;800-953-5863;VR;9:00+;TL;Jun-30;LAREDO;TX;147;HOUSTON;TX;0;\N;53;44000;34;A;131;350
ALLEN LU;800-990-5863;VR;9:00+;TL;Jun-30;LAREDO;TX;147;BROOKSHIRE;TX;35;\N;53;44500;34;A;118;314
ALLEN LU;800-990-5863;VR;9:00+;TL;Jun-30;LAREDO;TX;147;BROOKSHIRE;TX;35;\N;53;44500;34;A;118;314
ALLEN LU;800-990-5863;VR;9:00+;TL;Jun-30;LAREDO;TX;147;HOUSTON;TX;0;\N;53;42000;34;A;131;350
ALLEN LU;800-990-5863;VR;9:00+;TL;Jun-30;LAREDO;TX;147;LA PORTE;TX;25;\N;53;42000;34;A;150;375
ADDISON;800-345-4119;V;9:00+;TL;Jun-30;MCKINNEY;TX;285;HOUSTON;TX;0;\N;\N;\N;15;A;104;270
FREIGHT;713-926-3673;V;9:00+;TL;Jun-30;GEORGETOWN;TX;95;ALVIN;TX;27;600;\N;44000;32;A;79;203
CORNERST;866-420-4388;V;9:00+;TL;Jun-30;LEWISVILLE;TX;265;PASADENA;TX;13;\N;53;14925;28;A;107;276
ADDISON;800-345-4119;V;9:00+;TL;Jun-30;BAYTOWN;TX;213;WEBSTER;TX;23;\N;\N;\N;15;A;14;34
ADDISON;800-345-4119;V;9:00+;TL;Jun-30;FORT WORTH;TX;239;HOUSTON;TX;0;\N;\N;\N;15;A;102;261
ALLEN LU;800-456-5863;VR;9:00+;TL;Jun-30;LAREDO;TX;147;HOUSTON;TX;0;\N;48;43000;34;A;131;350
ALLEN LU;800-456-5863;VR;9:00+;TL;Jun-30;LAREDO;TX;147;HOUSTON;TX;0;\N;48;43800;34;A;131;350
AUSTIN F;512-444-9988;V;9:00+;TL;Jun-30;AUSTIN;TX;72;BROOKSHIRE;TX;35;600;\N;\N;22;A;58;153
AUSTIN F;512-444-9988;V;9:00+;TL;Jun-30;AUSTIN;TX;72;HOUSTON;TX;0;600;\N;\N;22;A;62;162
M2 LOGIS;713-223-3200;V;9:00+;TL;Jun-30;DALLAS;TX;254;JERSEY VILLAGE;TX;12;600;\N;40000;25;A;94;241
KING OF;316-530-8347;V;9:00+;TL;Jun-30;PASADENA;TX;199;HOUSTON;TX;0;250;\N;43000;27;A;7;15
REED TRA;813-369-6500;V;9:00+;TL;Jun-30;MISSOURI CITY;TX;180;HOUSTON;TX;0;\N;53;47386;32;A;7;17
REED TRA;813-369-6500;V;9:00+;TL;Jun-30;MISSOURI CITY;TX;180;PEARLAND;TX;18;\N;53;45600;32;A;8;18
REED TRA;813-369-6500;V;9:00+;TL;Jun-30;MISSOURI CITY;TX;180;SUGAR LAND;TX;17;\N;53;48063;32;A;0;6
REED TRA;813-369-6500;V;9:00+;TL;Jun-30;MISSOURI CITY;TX;180;WEBSTER;TX;23;\N;53;54583;32;A;12;29
REED TRA;813-369-6500;V;9:00+;TL;Jun-30;FORT WORTH;TX;239;HOUSTON;TX;0;725;53;44209;32;A;102;261
REED TRA;813-369-6500;V;9:00+;TL;Jun-30;FORT WORTH;TX;239;HOUSTON;TX;0;\N;53;44209;32;A;102;261
ROAR LOG;716-775-6208;V;9:00+;TL;Jun-30;DALLAS;TX;254;HOUSTON;TX;0;\N;53;6680;19;A;94;240
ROAR LOG;716-775-6208;V;9:00+;TL;Jun-30;FORT WORTH;TX;239;HOUSTON;TX;0;\N;53;7290;19;A;102;261
XPO LOGI;334-239-3300;V;9:00+;TL;Jun-30;MC QUEENEY;TX;29;NEW CANEY;TX;32;\N;53;9482;26;A;75;193
M2 LOGIS;713-223-3200;V;9:00+;TL;Jun-30;DALLAS;TX;254;HOUSTON;TX;0;\N;\N;\N;25;A;94;240
ST FREIG;786-272-9791;V;9:00+;TL;Jun-30;LAREDO;TX;147;BROOKSHIRE;TX;35;\N;\N;\N;11;A;118;314
ARMSTRON;956-997-6208;VR;9:00+;TL;Jun-30;SAN ANTONIO;TX;0;HOUSTON;TX;0;600;48;\N;27;A;73;196
ARMSTRON;956-997-6208;VR;9:00+;TL;Jun-30;SAN ANTONIO;TX;0;HOUSTON;TX;0;600;48;\N;27;A;73;196
ARMSTRON;956-997-6208;VR;9:00+;TL;Jun-30;SAN ANTONIO;TX;0;HOUSTON;TX;0;700;48;\N;27;A;73;196
GLOBALTR;877-772-0256;V;9:00+;TL;Jun-30;ARLINGTON;TX;242;HOUSTON;TX;0;1000;53;8995;29;A;99;256
GLOBALTR;877-772-0256;V;9:00+;TL;Jun-30;ARLINGTON;TX;242;HOUSTON;TX;0;550;\N;8995;29;A;99;256
GLOBALTR;877-772-0256;V;9:00+;TL;Jun-30;ARLINGTON;TX;242;HOUSTON;TX;0;825;53;8995;29;A;99;256
MAYA INT;281-272-2474;V;9:00+;TL;Jun-30;GARLAND;TX;264;HOUSTON;TX;0;750;53;18000;37;A;97;251
TREK TRA;517-629-2386;V;9:00+;TL;Jun-30;FAIRFIELD;TX;209;CHANNELVIEW;TX;18;400;53;15000;20;A;65;166
TREK TRA;517-629-2386;V;9:00+;TL;Jun-30;FAIRFIELD;TX;209;CHANNELVIEW;TX;18;400;53;15000;20;A;65;166
MEADOW L;406-281-8963;V;9:00+;TL;Jun-30;MINERAL WELLS;TX;232;BAYTOWN;TX;29;500;53;20800;35;A;128;329
COYOTE L;773-799-2118;V;9:00+;TL;Jun-30;CHANNELVIEW;TX;205;HOUSTON;TX;0;\N;53;34608;21;A;10;24
COYOTE L;773-799-2118;V;9:00+;TL;Jun-30;DENTON;TX;274;HOUSTON;TX;0;\N;53;29636;21;A;108;278
COYOTE L;773-799-2118;V;9:00+;TL;Jun-30;DENTON;TX;274;HOUSTON;TX;0;600;53;29636;21;A;108;278
COYOTE L;773-799-2118;V;9:00+;TL;Jun-30;DENTON;TX;274;HOUSTON;TX;0;650;53;29636;21;A;108;278
COMPASS;281-825-5039;V;9:00+;TL;Jun-30;BROWNSVILLE;TX;248;CONROE;TX;39;1100;53;43000;32;A;158;392
COMPASS;281-825-5039;V;9:00+;TL;Jun-30;HOUSTON;TX;188;HOUSTON;TX;0;275;53;25000;32;A;0;0
MCLEOD L;855-241-3100;V;9:00+;TL;Jun-30;PINEVILLE;LA;386;DAYTON;TX;40;500;\N;38816;27;A;83;206
BEEMAC L;724-213-7680;V;9:00+;TL;Jun-30;LAREDO;TX;147;HOUSTON;TX;0;900;\N;44000;37;A;131;350
BEEMAC L;724-213-7680;V;9:00+;TL;Jun-30;LAREDO;TX;147;HOUSTON;TX;0;900;\N;44000;37;A;131;350
BEEMAC L;724-213-7680;V;9:00+;TL;Jun-30;LAREDO;TX;147;HOUSTON;TX;0;800;\N;44000;37;A;131;350
BEEMAC L;724-213-7680;V;9:00+;TL;Jun-30;LAREDO;TX;147;HOUSTON;TX;0;800;\N;44000;37;A;131;350
MEADOW L;406-281-8961;V;9:00+;TL;Jun-30;AZLE;TX;244;THE WOODLANDS;TX;24;700;\N;24602;35;A;102;259
ELFS BRO;817-416-8652;VR;9:00+;TL;Jun-30;DALLAS;TX;254;HOUSTON;TX;0;700;\N;\N;24;A;94;240
SCOTT LO;256-273-7299;V;9:00+;TL;Jun-30;CROCKETT;TX;222;HOUSTON;TX;0;\N;53;40000;23;A;45;116
WJW ASSO;469-481-2802;V;9:00+;TL;Jun-30;FORT WORTH;TX;239;HOUSTON;TX;0;\N;\N;43225;31;A;102;261
BEEMAC L;724-213-7680;V;9:00+;TL;Jun-30;LAREDO;TX;147;HOUSTON;TX;0;700;\N;44000;37;A;131;350
DUPRE LO;479-426-8204;V;9:00+;TL;Jun-30;DALLAS;TX;254;LA PORTE;TX;25;\N;\N;\N;22;A;103;265
SUNTECK;956-242-4646;VA;9:00+;PTL;Jun-30;LAREDO;TX;147;HOUSTON;TX;0;\N;\N;11400;27;A;131;350
LANDSTAR;346-330-2444;V;9:00+;TL;Jun-30;LAREDO;TX;147;HOUSTON;TX;0;\N;53;22000;25;A;131;350
LANDSTAR;346-330-2444;V;9:00+;TL;Jun-30;LAREDO;TX;147;HOUSTON;TX;0;\N;53;22000;25;A;131;350
LANDSTAR;346-330-2444;V;9:00+;TL;Jun-30;LAREDO;TX;147;HOUSTON;TX;0;\N;53;22000;25;A;131;350
LANDSTAR;346-330-2444;V;9:00+;TL;Jun-30;LAREDO;TX;147;HOUSTON;TX;0;\N;53;40000;25;A;131;350
LANDSTAR;346-330-2444;V;9:00+;TL;Jun-30;LAREDO;TX;147;HOUSTON;TX;0;\N;53;40000;25;A;131;350
LANDSTAR;346-330-2444;V;9:00+;TL;Jun-30;LAREDO;TX;147;HOUSTON;TX;0;\N;53;40000;25;A;131;350
TA SERVI;205-702-6809;V;9:00+;TL;Jun-30;FREEPORT;TX;193;HOUSTON;TX;0;\N;\N;42500;12;A;28;73
LANDSTAR;830-239-5500;V;9:00+;TL;Jun-30;DALLAS;TX;254;HOUSTON;TX;0;\N;53;40000;25;A;94;240
JHT LOGI;903-229-2334;V;9:00+;TL;Jun-30;COMFORT;TX;42;HOUSTON;TX;0;\N;\N;\N;6;A;91;245
